{"stats":{"minecraft:mined":{"minecraft:grass_block":1},"minecraft:picked_up":{"minecraft:dirt":1},"minecraft:custom":{"minecraft:jump":3,"minecraft:time_since_rest":693,"minecraft:leave_game":1,"minecraft:deaths":1,"minecraft:sprint_one_cm":17,"minecraft:play_time":3308,"minecraft:damage_taken":900,"minecraft:time_since_death":526,"minecraft:walk_one_cm":486,"minecraft:sneak_time":43,"minecraft:total_world_time":3308,"minecraft:fall_one_cm":9209,"minecraft:fly_one_cm":67368}},"DataVersion":3465}