{"stats":{"minecraft:used":{"minecraft:stone_sword":75,"minecraft:shield":16,"thaumia:tainted_log":13,"minecraft:iron_sword":149,"minecraft:rotten_flesh":1,"minecraft:torch":86,"minecraft:dirt":1,"minecraft:spyglass":2,"thaumia:tainted_planks":20,"minecraft:furnace":1,"minecraft:iron_leggings":1,"minecraft:stone_pickaxe":45,"minecraft:oak_planks":86,"minecraft:wooden_pickaxe":3,"iceandfire:troll_weapon_axe":2,"minecraft:crafting_table":3,"minecraft:diamond_pickaxe":205,"minecraft:apple":3,"minecraft:bread":32,"minecraft:iron_pickaxe":200,"minecraft:stone_axe":96,"minecraft:cobblestone":1,"thaumia:zombie_brain":5,"minecraft:pumpkin_pie":3,"minecraft:yellow_bed":6,"quark:oak_chest":2,"alexsmobs:animal_dictionary":3},"minecraft:killed":{"irons_spellbooks:summoned_zombie":1,"undead_revamp2:thehunter":1,"minecraft:spider":3,"minecraft:phantom":1,"minecraft:skeleton":2,"realmrpg_demons:chort":2,"thaumia:tainted_grub":6,"steam_powered:giant_crab":1,"irons_spellbooks:summoned_skeleton":1,"undead_revamp2:sucker":1,"theinkarena:natural_ink_brute":1,"iceandfire:troll":2,"undead_revamp2:the_moonflower":2,"iter_rpg:spiderling":1,"undead_revamp2:thesomnolence":2,"minecraft:zombie":13,"mokels_adventure:cultist":2,"thaumia:angry_zombie":1,"minecraft:cow":2},"minecraft:killed_by":{"undead_revamp2:sucker":2,"minecraft:player":1,"realmrpg_demons:chort":4,"irons_spellbooks:summoned_skeleton":1,"minecraft:creeper":3,"undead_revamp2:thehorrors":2,"undead_revamp2:thehunter":2,"irons_spellbooks:necromancer":8,"minecraft:skeleton":2,"iter_rpg:giant_spider":1,"minecraft:zombie":5,"thaumia:tainted_grub":4},"minecraft:dropped":{"minecraft:bread":35,"minecraft:iron_sword":1,"minecraft:brown_mushroom":6,"minecraft:cobblestone":22,"thaumia:zombie_brain":3,"iceandfire:troll_weapon_axe":2,"minecraft:red_mushroom":2,"minecraft:stick":10,"minecraft:flint":2,"minecraft:diorite":1,"thaumia:puriflower":1,"gravestone:obituary":59,"minecraft:iron_pickaxe":1,"minecraft:string":3,"minecraft:smooth_basalt":2,"minecraft:gravel":24,"minecraft:stone_axe":3,"minecraft:spyglass":1,"minecraft:iron_nugget":1,"minecraft:stone_sword":2,"minecraft:wheat":1,"minecraft:cherry_sapling":1,"minecraft:rotten_flesh":38,"minecraft:oak_planks":1,"supplementaries:ash":2,"minecraft:shield":1,"minecraft:iron_chestplate":1,"minecraft:andesite":3,"minecraft:oak_sapling":10,"minecraft:spider_eye":2,"thaumia:tainted_log":1,"minecraft:stone_pickaxe":1,"minecraft:beef":1,"minecraft:wooden_pickaxe":1,"minecraft:calcite":2},"minecraft:mined":{"minecraft:large_amethyst_bud":1,"thaumia:chaos_stone":3,"iceandfire:silver_ore":5,"minecraft:cherry_log":23,"thaumia:earth_stone":14,"gravestone:gravestone":35,"thaumia:quartz_ore":4,"iter_rpg:big_vase":1,"steam_powered:tin_ore":69,"minecraft:hay_block":17,"steam_powered:zinc_ore":37,"minecraft:redstone_ore":8,"iter_rpg:small_vase":1,"minecraft:iron_ore":40,"minecraft:andesite":3,"thaumia:water_stone":19,"minecraft:stone":114,"minecraft:medium_amethyst_bud":1,"thaumia:taint_plant":1,"minecraft:amethyst_cluster":3,"thaumia:taint_stone":5,"minecraft:torch":1,"minecraft:calcite":2,"iter_rpg:vase":1,"thaumia:tainted_log":25,"thaumia:fire_stone":13,"minecraft:copper_ore":13,"minecraft:lapis_ore":1,"minecraft:oak_planks":3,"minecraft:wall_torch":3,"minecraft:amethyst_block":1,"supplementaries:urn":1,"minecraft:yellow_bed":6,"thaumia:puriflower":1,"minecraft:grass":7,"minecraft:oak_log":34,"minecraft:coal_ore":73,"minecraft:dirt":5,"minecraft:smooth_basalt":2,"thaumia:air_stone":5,"minecraft:gold_ore":1,"thaumia:order_stone":9,"minecraft:fern":1},"minecraft:picked_up":{"minecraft:wheat":4,"minecraft:brown_mushroom":6,"gravestone:obituary":20,"thaumia:fire_crystal":26,"minecraft:amethyst_block":1,"minecraft:string":4,"minecraft:raw_copper":41,"minecraft:beef":3,"steam_powered:raw_zinc":37,"minecraft:calcite":2,"minecraft:phantom_membrane":1,"minecraft:stick":5,"minecraft:raw_iron":37,"minecraft:torch":7,"thaumia:tainted_log":23,"minecraft:cherry_log":16,"minecraft:diorite":1,"minecraft:stone_sword":1,"thaumia:taint_crystal":10,"minecraft:arrow":3,"minecraft:rotten_flesh":39,"minecraft:hay_block":17,"thaumia:tainted_grub_husk":6,"supplementaries:ash":2,"minecraft:cobblestone":114,"minecraft:andesite":3,"minecraft:red_mushroom":2,"minecraft:flint":2,"minecraft:oak_log":34,"thaumia:order_crystal":18,"minecraft:yellow_bed":6,"minecraft:gunpowder":1,"minecraft:lapis_lazuli":8,"minecraft:dirt":3,"minecraft:bone":8,"iter_rpg:ametrine_nugget":1,"thaumia:tarnished_chalice":5,"minecraft:apple":2,"thaumia:chaos_crystal":6,"iter_rpg:potsherd":1,"minecraft:iron_ingot":2,"thaumia:zombie_brain":8,"thaumia:puriflower":1,"minecraft:oak_planks":66,"minecraft:ghast_tear":2,"minecraft:smooth_basalt":2,"thaumia:air_crystal":10,"minecraft:quartz":6,"minecraft:gravel":24,"minecraft:amethyst_shard":21,"thaumia:water_crystal":38,"theinkarena:ink_power_scroll":1,"minecraft:spider_eye":2,"minecraft:stone_axe":2,"steam_powered:raw_tin":65,"iceandfire:troll_weapon_axe":2,"minecraft:cherry_sapling":9,"iceandfire:troll_leather_forest":1,"minecraft:oak_sapling":10,"minecraft:coal":75,"iceandfire:raw_silver":6,"thaumia:earth_crystal":28},"minecraft:crafted":{"minecraft:oak_planks":136,"minecraft:spyglass":2,"minecraft:furnace":1,"thaumia:tainted_planks":36,"minecraft:stone_pickaxe":1,"minecraft:wheat":153,"minecraft:crafting_table":3,"minecraft:wooden_pickaxe":1,"minecraft:iron_helmet":1,"minecraft:iron_sword":2,"minecraft:copper_ingot":11,"minecraft:stone_axe":2,"minecraft:bread":52,"minecraft:air":0,"minecraft:iron_chestplate":2,"minecraft:diamond_pickaxe":1,"minecraft:shield":2,"minecraft:stick":48,"quark:oak_chest":2,"minecraft:iron_ingot":17,"minecraft:iron_pickaxe":2,"minecraft:stone_sword":1,"minecraft:iron_leggings":1,"minecraft:torch":104},"minecraft:custom":{"minecraft:mob_kills":47,"minecraft:interact_with_crafting_table":28,"minecraft:damage_dealt_resisted":76,"minecraft:leave_game":7,"minecraft:time_since_death":10228,"minecraft:sprint_one_cm":205283,"minecraft:walk_one_cm":340932,"minecraft:damage_blocked_by_shield":900,"minecraft:drop":113,"minecraft:talked_to_villager":7,"minecraft:play_time":106613,"minecraft:deaths":36,"minecraft:sneak_time":12321,"minecraft:jump":1434,"minecraft:interact_with_blast_furnace":1,"minecraft:walk_on_water_one_cm":5714,"minecraft:total_world_time":106613,"minecraft:interact_with_furnace":7,"minecraft:sleep_in_bed":6,"minecraft:time_since_rest":3272,"minecraft:damage_taken":12118,"minecraft:damage_dealt":9460,"minecraft:player_kills":1,"minecraft:fly_one_cm":183794,"minecraft:open_chest":29,"minecraft:crouch_one_cm":42924,"minecraft:interact_with_smoker":1,"minecraft:fall_one_cm":43966}},"DataVersion":3465}