{"stats":{"minecraft:picked_up":{"minecraft:andesite":2,"minecraft:oak_log":34,"gravestone:obituary":8,"minecraft:yellow_bed":6,"thaumia:fire_crystal":18,"minecraft:string":2,"minecraft:raw_copper":30,"minecraft:bone":3,"thaumia:tarnished_chalice":2,"minecraft:apple":2,"thaumia:chaos_crystal":2,"steam_powered:raw_zinc":14,"minecraft:iron_ingot":2,"minecraft:beef":3,"thaumia:puriflower":1,"minecraft:oak_planks":60,"minecraft:phantom_membrane":1,"minecraft:ghast_tear":2,"minecraft:stick":5,"thaumia:air_crystal":4,"thaumia:tainted_log":23,"minecraft:cherry_log":16,"thaumia:water_crystal":6,"minecraft:spider_eye":1,"minecraft:stone_sword":1,"minecraft:arrow":2,"minecraft:rotten_flesh":11,"minecraft:stone_axe":2,"steam_powered:raw_tin":24,"minecraft:hay_block":17,"minecraft:cherry_sapling":9,"thaumia:tainted_grub_husk":6,"supplementaries:ash":2,"minecraft:oak_sapling":10,"thaumia:earth_crystal":4,"iceandfire:raw_silver":3,"minecraft:coal":13,"minecraft:cobblestone":40},"minecraft:crafted":{"minecraft:oak_planks":136,"minecraft:crafting_table":3,"minecraft:wooden_pickaxe":1,"minecraft:iron_sword":2,"minecraft:stone_axe":2,"minecraft:bread":51,"thaumia:tainted_planks":36,"minecraft:iron_chestplate":2,"minecraft:diamond_pickaxe":1,"minecraft:shield":2,"minecraft:iron_ingot":5,"minecraft:stick":28,"quark:oak_chest":2,"minecraft:iron_pickaxe":2,"minecraft:stone_pickaxe":1,"minecraft:stone_sword":1,"minecraft:torch":24,"minecraft:wheat":153},"minecraft:mined":{"thaumia:chaos_stone":1,"iceandfire:silver_ore":3,"minecraft:cherry_log":23,"thaumia:taint_plant":1,"thaumia:earth_stone":2,"gravestone:gravestone":20,"thaumia:tainted_log":25,"thaumia:fire_stone":9,"minecraft:copper_ore":8,"steam_powered:tin_ore":28,"minecraft:hay_block":17,"steam_powered:zinc_ore":14,"minecraft:andesite":2,"minecraft:yellow_bed":6,"thaumia:puriflower":1,"thaumia:water_stone":3,"minecraft:grass":7,"minecraft:oak_log":34,"minecraft:coal_ore":13,"minecraft:stone":39,"thaumia:air_stone":2,"minecraft:fern":1},"minecraft:custom":{"minecraft:interact_with_furnace":2,"minecraft:mob_kills":19,"minecraft:interact_with_crafting_table":23,"minecraft:damage_dealt_resisted":76,"minecraft:leave_game":5,"minecraft:time_since_death":73,"minecraft:sleep_in_bed":4,"minecraft:time_since_rest":112,"minecraft:sprint_one_cm":141828,"minecraft:damage_taken":6641,"minecraft:walk_one_cm":210948,"minecraft:damage_blocked_by_shield":480,"minecraft:drop":44,"minecraft:damage_dealt":4098,"minecraft:player_kills":1,"minecraft:talked_to_villager":7,"minecraft:fly_one_cm":127056,"minecraft:open_chest":17,"minecraft:crouch_one_cm":15215,"minecraft:play_time":61258,"minecraft:deaths":21,"minecraft:sneak_time":4604,"minecraft:jump":886,"minecraft:walk_on_water_one_cm":1398,"minecraft:interact_with_blast_furnace":1,"minecraft:interact_with_smoker":1,"minecraft:total_world_time":61258,"minecraft:fall_one_cm":30843},"minecraft:dropped":{"minecraft:bread":35,"minecraft:iron_sword":1,"minecraft:stone_axe":3,"minecraft:stone_sword":1,"minecraft:cherry_sapling":1,"minecraft:cobblestone":4,"minecraft:rotten_flesh":5,"minecraft:oak_planks":1,"minecraft:stick":10,"minecraft:shield":1,"minecraft:iron_chestplate":1,"thaumia:puriflower":1,"minecraft:oak_sapling":10,"gravestone:obituary":20,"minecraft:spider_eye":1,"thaumia:tainted_log":1,"minecraft:beef":1,"minecraft:wooden_pickaxe":1,"minecraft:iron_pickaxe":1},"minecraft:killed_by":{"undead_revamp2:thehunter":1,"undead_revamp2:sucker":2,"irons_spellbooks:necromancer":8,"minecraft:skeleton":2,"iter_rpg:giant_spider":1,"minecraft:zombie":2,"thaumia:tainted_grub":4},"minecraft:used":{"minecraft:stone_sword":75,"minecraft:stone_pickaxe":45,"minecraft:oak_planks":6,"minecraft:shield":8,"minecraft:wooden_pickaxe":3,"thaumia:tainted_log":13,"minecraft:iron_sword":34,"minecraft:torch":20,"minecraft:dirt":1,"minecraft:crafting_table":3,"minecraft:apple":2,"minecraft:bread":21,"minecraft:iron_pickaxe":76,"thaumia:tainted_planks":20,"minecraft:stone_axe":93,"minecraft:cobblestone":1,"minecraft:pumpkin_pie":3,"minecraft:yellow_bed":6,"quark:oak_chest":2,"alexsmobs:animal_dictionary":3},"minecraft:killed":{"irons_spellbooks:summoned_zombie":1,"undead_revamp2:the_moonflower":1,"minecraft:spider":1,"minecraft:phantom":1,"minecraft:skeleton":1,"minecraft:zombie":2,"thaumia:tainted_grub":6,"steam_powered:giant_crab":1,"mokels_adventure:cultist":2,"undead_revamp2:sucker":1,"minecraft:cow":2}},"DataVersion":3465}