{"stats":{"minecraft:broken":{"minecraft:iron_boots":1,"minecraft:iron_chestplate":1,"minecraft:iron_leggings":1,"minecraft:stone_axe":1,"mowziesmobs:umvuthana_mask_misery":2},"minecraft:killed_by":{"undead_revamp2:sucker":4,"undead_revamp2:the_moonflower":1,"minecraft:creeper":5,"mowziesmobs:umvuthi":2,"iter_rpg:giant_spider":1,"minecraft:zombie":8,"iceandfire:fire_dragon":6,"minecraft:player":2,"realmrpg_demons:chort":8,"irons_spellbooks:summoned_skeleton":1,"minecraft:enderman":1,"undead_revamp2:thehorrors":2,"undead_revamp2:thehunter":2,"iceandfire:gorgon":4,"undead_revamp2:therod":2,"irons_spellbooks:necromancer":8,"minecraft:skeleton":5,"undead_revamp2:thebeartamer":3,"thaumia:tainted_grub":4},"minecraft:killed":{"iceandfire:gorgon":1,"minecraft:spider":4,"undead_revamp2:theswarmer":1,"minecraft:skeleton":4,"minecraft:chicken":1,"realmrpg_demons:chort":5,"thaumia:tainted_grub":6,"undead_revamp2:therod":1,"steam_powered:giant_crab":1,"irons_spellbooks:summoned_skeleton":1,"iter_rpg:spiderling":1,"minecraft:sheep":4,"minecraft:pillager":2,"minecraft:zombie":17,"minecraft:cow":2,"undead_revamp2:thehunter":4,"irons_spellbooks:summoned_zombie":1,"minecraft:phantom":1,"undead_revamp2:sucker":8,"mowziesmobs:umvuthana":8,"theinkarena:natural_ink_brute":1,"iceandfire:troll":2,"undead_revamp2:the_moonflower":6,"undead_revamp2:thesomnolence":2,"iceandfire:ghost":5,"mokels_adventure:cultist":2,"minecraft:enderman":1,"thaumia:angry_zombie":1},"minecraft:custom":{"minecraft:interact_with_crafting_table":47,"minecraft:open_barrel":11,"minecraft:leave_game":10,"minecraft:time_since_death":4549,"minecraft:damage_resisted":2147483647,"minecraft:sprint_one_cm":439705,"minecraft:damage_blocked_by_shield":1635,"minecraft:drop":274,"minecraft:talked_to_villager":12,"minecraft:play_time":280258,"minecraft:deaths":74,"minecraft:jump":3662,"minecraft:walk_on_water_one_cm":44857,"minecraft:interact_with_furnace":19,"minecraft:sleep_in_bed":14,"minecraft:waystone_activated":2,"minecraft:open_enderchest":1,"minecraft:damage_dealt":24519,"minecraft:player_kills":2,"minecraft:crouch_one_cm":84588,"minecraft:interact_with_smoker":8,"minecraft:inspect_dispenser":1,"minecraft:mob_kills":118,"minecraft:damage_dealt_resisted":138,"minecraft:climb_one_cm":2406,"minecraft:walk_one_cm":873361,"minecraft:sneak_time":24493,"minecraft:walk_under_water_one_cm":22040,"minecraft:interact_with_blast_furnace":7,"minecraft:total_world_time":280258,"minecraft:interact_with_grindstone":1,"minecraft:time_since_rest":4579,"minecraft:damage_taken":2147483647,"minecraft:trigger_trapped_chest":2,"minecraft:swim_one_cm":81199,"minecraft:fly_one_cm":480797,"minecraft:open_chest":133,"minecraft:fall_one_cm":111482},"minecraft:crafted":{"minecraft:oak_planks":204,"hexerei:mahogany_planks":140,"quark:cherry_chest":2,"patchouli:guide_book":2,"minecraft:cooked_mutton":6,"minecraft:iron_boots":1,"minecraft:crafting_table":8,"minecraft:iron_helmet":2,"minecraft:wooden_pickaxe":1,"minecraft:copper_ingot":11,"minecraft:iron_chestplate":4,"minecraft:diamond_pickaxe":1,"minecraft:shield":3,"minecraft:stick":120,"quark:oak_chest":2,"minecraft:iron_ingot":43,"minecraft:iron_pickaxe":2,"minecraft:stone_sword":1,"iceandfire:silver_sword":1,"minecraft:cherry_planks":60,"minecraft:spyglass":3,"minecraft:furnace":1,"thaumia:tainted_planks":36,"minecraft:iron_axe":2,"minecraft:stone_pickaxe":1,"minecraft:wheat":468,"minecraft:cooked_beef":3,"minecraft:iron_sword":2,"minecraft:stone_axe":2,"minecraft:jungle_planks":24,"minecraft:bread":163,"minecraft:air":0,"minecraft:iron_leggings":3,"minecraft:torch":272},"minecraft:dropped":{"minecraft:iron_sword":2,"minecraft:brown_mushroom":6,"hexerei:mahogany_sapling":10,"minecraft:crossbow":1,"thaumia:zombie_brain":3,"thaumia:lootbag_uncommon":1,"thaumia:lootbag_rare":1,"iceandfire:ectoplasm":3,"minecraft:red_mushroom":2,"minecraft:flint":2,"minecraft:dirt":7,"minecraft:grass":4,"minecraft:mutton":6,"thaumia:puriflower":1,"irons_spellbooks:arcane_essence":3,"gravestone:obituary":122,"minecraft:gold_nugget":25,"minecraft:amethyst_shard":19,"minecraft:iron_pickaxe":3,"minecraft:bone":7,"minecraft:gravel":24,"minecraft:stone_axe":3,"minecraft:spyglass":1,"minecraft:iron_nugget":1,"alexsmobs:animal_dictionary":2,"minecraft:wheat":3,"undead_revamp2:arapholia":2,"minecraft:cherry_sapling":1,"minecraft:rotten_flesh":51,"minecraft:oak_planks":11,"goblins_tyranny:shaman_skull":1,"minecraft:cooked_mutton":6,"patchouli:guide_book":1,"thaumia:arcane_moon_engrave":4,"supplementaries:ash":2,"iceandfire:ghost_chest":1,"minecraft:skeleton_skull":1,"iceandfire:pixie_dust":2,"iceandfire:bestiary":1,"minecraft:arrow":11,"thaumia:tainted_log":1,"minecraft:beef":1,"minecraft:netherrack":5,"iceandfire:manuscript":10,"minecraft:iron_ingot":6,"minecraft:bread":51,"minecraft:wheat_seeds":1,"minecraft:mossy_cobblestone":1,"minecraft:iron_helmet":1,"minecraft:feather":4,"minecraft:cobblestone":23,"minecraft:apple":13,"minecraft:granite":1,"minecraft:copper_ingot":7,"iceandfire:troll_weapon_axe":2,"minecraft:stick":20,"thaumia:petrified_log":2,"minecraft:diorite":1,"iceandfire:copper_nugget":10,"minecraft:torch":50,"thaumia:workbench":1,"minecraft:iron_axe":1,"minecraft:paper":8,"minecraft:string":5,"minecraft:smooth_basalt":2,"iceandfire:silver_nugget":10,"hexerei:sage_seed":1,"iceandfire:ghost_ingot":1,"minecraft:stone_sword":2,"hexerei:mahogany_planks":112,"minecraft:smooth_stone_slab":1,"iceandfire:troll_leather_forest":1,"thaumia:fire_crystal":8,"thaumia:copper_coin":1,"minecraft:blast_furnace":1,"thaumia:iron_greatwood":6,"thaumia:gold_greatwood":1,"thaumia:arcane_bag":1,"minecraft:shield":2,"iceandfire:rotten_egg":1,"minecraft:iron_chestplate":3,"minecraft:diamond_pickaxe":1,"minecraft:andesite":3,"iceandfire:silver_ingot":2,"minecraft:mossy_stone_bricks":1,"thaumia:tarnished_chalice":5,"minecraft:oak_sapling":12,"minecraft:spider_eye":2,"minecraft:slime_ball":5,"minecraft:stone_pickaxe":1,"minecraft:wooden_pickaxe":1,"minecraft:calcite":2,"minecraft:black_wool":1,"minecraft:brick":4,"thaumia:bag":2},"minecraft:picked_up":{"minecraft:wheat":6,"minecraft:smithing_table":1,"minecraft:lead":1,"thaumia:fire_crystal":38,"minecraft:amethyst_block":1,"minecraft:string":11,"minecraft:raw_copper":41,"minecraft:smooth_stone_slab":2,"thaumia:silverwood_log":13,"irons_spellbooks:arcane_essence":3,"minecraft:gold_nugget":19,"thaumia:petrified_log":4,"steam_powered:raw_zinc":64,"minecraft:calcite":2,"minecraft:iron_pickaxe":1,"minecraft:melon_slice":19,"iceandfire:pixie_dust":1,"minecraft:stick":20,"iceandfire:ghost_chest":3,"hexerei:mahogany_log":35,"minecraft:torch":11,"thaumia:tainted_log":23,"minecraft:cherry_log":16,"iceandfire:rotten_egg":1,"minecraft:diorite":1,"minecraft:stone_sword":1,"thaumia:taint_crystal":64,"minecraft:rotten_flesh":70,"thaumia:lootbag":2,"goblins_tyranny:shaman_skull":2,"supplementaries:ash":10,"thaumia:gold_greatwood":1,"minecraft:obsidian":1,"undead_revamp2:arapholia":3,"minecraft:cobblestone":235,"minecraft:feather":18,"minecraft:andesite":3,"minecraft:jungle_log":6,"minecraft:smoker":1,"minecraft:potato":1,"thaumia:arcane_bag":1,"minecraft:flint":2,"thaumia:arcane_moon_engrave":6,"undead_revamp2:huntereye":1,"minecraft:lapis_lazuli":16,"minecraft:dirt":7,"minecraft:bone":32,"iter_rpg:ametrine_nugget":1,"thaumia:tarnished_chalice":11,"undead_revamp2:blacpetalblock":1,"thaumia:chaos_crystal":32,"minecraft:bow":1,"minecraft:wheat_seeds":1,"thaumia:lootbag_rare":1,"thaumia:copper_coin":2,"minecraft:grindstone":1,"thaumia:workbench":2,"thaumia:zombie_brain":12,"minecraft:mossy_stone_bricks":2,"minecraft:oak_planks":77,"minecraft:ghast_tear":2,"malum:raw_soulstone":16,"thaumia:water_crystal":46,"theinkarena:ink_power_scroll":1,"minecraft:mossy_cobblestone":5,"alexsmobs:animal_dictionary":1,"iceandfire:lectern":1,"iter_rpg:abyssquartz_shard":4,"iceandfire:troll_weapon_axe":2,"minecraft:crossbow":1,"minecraft:granite":1,"minecraft:grass":2,"iceandfire:gorgon_head":1,"minecraft:emerald":1,"iceandfire:troll_leather_forest":2,"minecraft:oak_sapling":12,"minecraft:netherrack":10,"iceandfire:silver_nugget":20,"iceandfire:raw_silver":11,"thaumia:ancient_weapon":1,"minecraft:diamond_pickaxe":1,"minecraft:charcoal":2,"minecraft:chicken":1,"minecraft:brown_mushroom":6,"thaumia:lootbag_uncommon":2,"gravestone:obituary":41,"minecraft:brick":4,"thaumia:thaumium_ingot":1,"iceandfire:ghost_ingot":1,"minecraft:beef":3,"hexerei:mahogany_sapling":20,"minecraft:jungle_sapling":1,"minecraft:iron_nugget":2,"minecraft:chest":2,"minecraft:phantom_membrane":1,"minecraft:raw_iron":82,"minecraft:copper_ingot":9,"thaumia:brass_ingot":1,"hexerei:sage_seed":1,"thaumia:crate":4,"iceandfire:silver_ingot":2,"minecraft:arrow":10,"thaumia:ancient_seal":1,"thaumia:iron_greatwood":7,"minecraft:hay_block":55,"thaumia:tainted_grub_husk":6,"minecraft:mutton":12,"minecraft:skeleton_skull":1,"minecraft:white_wool":4,"thaumia:warded_glass_pane":2,"malum:cluster_of_brilliance":2,"minecraft:red_mushroom":2,"minecraft:oak_log":34,"iceandfire:ectoplasm":4,"thaumia:order_crystal":22,"minecraft:yellow_bed":14,"thaumia:bag":3,"minecraft:gunpowder":1,"minecraft:paper":4,"minecraft:apple":2,"mowziesmobs:umvuthana_mask_rage":1,"iter_rpg:potsherd":1,"minecraft:iron_ingot":3,"steam_powered:verdantium_crystal":4,"thaumia:puriflower":1,"mowziesmobs:umvuthana_mask_misery":2,"minecraft:iron_sword":1,"minecraft:acacia_sapling":1,"minecraft:book":42,"minecraft:oak_slab":1,"iceandfire:copper_nugget":10,"minecraft:smooth_basalt":2,"thaumia:air_crystal":32,"minecraft:quartz":16,"minecraft:gravel":24,"hexerei:mahogany_planks":64,"minecraft:amethyst_shard":40,"minecraft:blast_furnace":2,"thaumia:research_table":1,"minecraft:crying_obsidian":1,"minecraft:spider_eye":2,"minecraft:brick_slab":1,"minecraft:slime_ball":10,"minecraft:stone_axe":2,"thaumia:greatwood_log":10,"steam_powered:raw_tin":69,"thaumia:mercurial_slime_ball":1,"minecraft:cherry_sapling":9,"mowziesmobs:umvuthana_mask_fear":1,"minecraft:black_wool":2,"minecraft:coal":133,"thaumia:earth_crystal":38,"minecraft:ender_pearl":1},"minecraft:mined":{"minecraft:large_amethyst_bud":1,"malum:brilliant_stone":2,"iceandfire:copper_pile":2,"minecraft:cherry_log":23,"thaumia:earth_stone":19,"minecraft:obsidian":1,"minecraft:granite":1,"malum:soulstone_ore":17,"thaumia:workbench":1,"minecraft:grass_block":1,"minecraft:jungle_log":12,"thaumia:quartz_ore":9,"thaumia:crate":4,"iceandfire:lectern":1,"minecraft:iron_ore":85,"minecraft:fire":7,"hexerei:mahogany_log":46,"thaumia:research_table":1,"thaumia:water_stone":23,"iceandfire:gold_pile":3,"minecraft:iron_bars":1,"goblins_tyranny:shaman_skull":1,"thaumia:loot_urn":2,"minecraft:medium_amethyst_bud":1,"minecraft:smoker":1,"minecraft:amethyst_cluster":3,"thaumia:taint_stone":32,"thaumia:loot_crate":2,"minecraft:torch":2,"minecraft:blast_furnace":1,"minecraft:calcite":2,"iceandfire:ghost_chest":2,"minecraft:chest":2,"minecraft:cobblestone":12,"minecraft:grindstone":1,"minecraft:oak_planks":4,"minecraft:wall_torch":3,"minecraft:amethyst_block":1,"thaumia:silverwood_log":13,"minecraft:smooth_stone_slab":2,"thaumia:golden_loot_crate":2,"minecraft:grass":22,"minecraft:oak_log":34,"minecraft:dirt":8,"minecraft:smooth_basalt":2,"minecraft:netherrack":9,"thaumia:air_stone":16,"minecraft:oak_leaves":5,"thaumia:order_stone":11,"minecraft:crying_obsidian":1,"thaumia:chaos_stone":19,"iceandfire:silver_ore":10,"minecraft:mossy_cobblestone":5,"gravestone:gravestone":72,"minecraft:decorated_pot":1,"thaumia:greatwood_log":17,"iter_rpg:big_vase":1,"steam_powered:verdantium_ore":4,"steam_powered:tin_ore":73,"minecraft:hay_block":58,"steam_powered:zinc_ore":64,"minecraft:redstone_ore":8,"iter_rpg:small_vase":2,"minecraft:andesite":3,"minecraft:bookshelf":14,"minecraft:vine":2,"minecraft:stone":222,"iceandfire:pixie_jar_empty":1,"minecraft:smithing_table":1,"minecraft:oak_slab":1,"minecraft:glass_pane":1,"thaumia:taint_plant":1,"iter_rpg:vase":1,"thaumia:tainted_log":25,"thaumia:fire_stone":15,"minecraft:copper_ore":13,"minecraft:tall_grass":8,"minecraft:lapis_ore":3,"thaumia:iron_greatwood":2,"thaumia:thaumium_loot_crate":1,"supplementaries:urn":3,"minecraft:brick_slab":1,"minecraft:cobblestone_wall":3,"iter_rpg:abyss_quartz":2,"minecraft:yellow_bed":15,"thaumia:puriflower":1,"minecraft:coal_ore":133,"iceandfire:silver_pile":3,"minecraft:cobweb":2,"minecraft:cracked_stone_bricks":2,"minecraft:stone_bricks":1,"minecraft:mossy_stone_bricks":5,"minecraft:gold_ore":1,"minecraft:fern":2},"minecraft:used":{"iceandfire:lectern":1,"minecraft:shield":29,"minecraft:iron_sword":243,"goblins_tyranny:shaman_skull":1,"minecraft:rotten_flesh":3,"minecraft:iron_chestplate":2,"quark:cherry_chest":2,"minecraft:brick_slab":1,"minecraft:obsidian":1,"iceandfire:ghost_chest":1,"minecraft:iron_helmet":1,"minecraft:furnace":1,"minecraft:potato":1,"minecraft:mossy_stone_bricks":1,"minecraft:oak_planks":122,"minecraft:stone_pickaxe":45,"minecraft:wooden_pickaxe":3,"minecraft:white_wool":2,"hexerei:mahogany_planks":24,"minecraft:blast_furnace":1,"minecraft:crying_obsidian":1,"minecraft:melon_slice":19,"minecraft:bread":133,"thaumia:zombie_brain":5,"thaumia:workbench":1,"thaumia:arcane_moon_engrave":1,"minecraft:stone_sword":75,"iceandfire:silver_sword":224,"minecraft:flint_and_steel":3,"mowziesmobs:umvuthana_mask_misery":3,"thaumia:tainted_log":13,"minecraft:torch":231,"minecraft:dirt":1,"minecraft:spyglass":34,"minecraft:iron_axe":54,"minecraft:iron_boots":1,"thaumia:tainted_planks":20,"minecraft:cooked_beef":2,"minecraft:iron_leggings":1,"minecraft:cherry_planks":4,"iceandfire:troll_weapon_axe":2,"minecraft:oak_slab":1,"minecraft:crafting_table":8,"minecraft:smoker":1,"minecraft:diamond_pickaxe":595,"minecraft:apple":4,"minecraft:chicken":1,"minecraft:iron_pickaxe":223,"minecraft:stone_axe":142,"minecraft:cobblestone":30,"minecraft:pumpkin_pie":4,"minecraft:yellow_bed":13,"quark:oak_chest":2,"alexsmobs:animal_dictionary":7}},"DataVersion":3465}