{"stats":{"minecraft:picked_up":{"minecraft:stick":5,"minecraft:oak_log":34,"minecraft:cherry_log":16,"minecraft:yellow_bed":5,"minecraft:spider_eye":1,"minecraft:string":1,"minecraft:rotten_flesh":3,"minecraft:apple":2,"minecraft:stone_axe":2,"minecraft:hay_block":17,"minecraft:beef":3,"minecraft:cherry_sapling":1,"minecraft:oak_sapling":10,"minecraft:coal":11,"minecraft:cobblestone":21},"minecraft:crafted":{"minecraft:oak_planks":12,"minecraft:crafting_table":2,"minecraft:stick":16,"minecraft:wooden_pickaxe":1,"minecraft:stone_pickaxe":1,"minecraft:stone_sword":1,"minecraft:stone_axe":2,"minecraft:bread":30,"minecraft:wheat":90},"minecraft:mined":{"minecraft:hay_block":17,"minecraft:cherry_log":23,"minecraft:yellow_bed":5,"gravestone:gravestone":1,"minecraft:grass":4,"minecraft:coal_ore":11,"minecraft:oak_log":34,"minecraft:stone":22},"minecraft:killed_by":{"iter_rpg:giant_spider":1},"minecraft:dropped":{"minecraft:bread":23,"minecraft:stone_axe":3,"minecraft:rotten_flesh":3,"minecraft:spider_eye":1,"minecraft:cobblestone":4,"gravestone:obituary":1,"minecraft:wooden_pickaxe":1,"minecraft:stick":8},"minecraft:custom":{"minecraft:time_since_rest":8382,"minecraft:sprint_one_cm":52779,"minecraft:damage_taken":485,"minecraft:walk_one_cm":85540,"minecraft:mob_kills":4,"minecraft:drop":10,"minecraft:damage_dealt":707,"minecraft:talked_to_villager":7,"minecraft:interact_with_crafting_table":5,"minecraft:fly_one_cm":44501,"minecraft:open_chest":4,"minecraft:crouch_one_cm":1897,"minecraft:play_time":25258,"minecraft:deaths":1,"minecraft:sneak_time":624,"minecraft:jump":288,"minecraft:interact_with_blast_furnace":1,"minecraft:leave_game":5,"minecraft:time_since_death":10294,"minecraft:sleep_in_bed":2,"minecraft:total_world_time":25258,"minecraft:interact_with_smoker":1,"minecraft:fall_one_cm":7022},"minecraft:used":{"minecraft:apple":2,"minecraft:stone_sword":15,"minecraft:bread":2,"minecraft:stone_pickaxe":30,"minecraft:wooden_pickaxe":3,"minecraft:stone_axe":65,"minecraft:dirt":1,"minecraft:crafting_table":2,"alexsmobs:animal_dictionary":3,"minecraft:yellow_bed":4,"minecraft:pumpkin_pie":3},"minecraft:killed":{"minecraft:zombie":1,"minecraft:spider":1,"minecraft:cow":2}},"DataVersion":3465}