{"stats":{"minecraft:picked_up":{"minecraft:oak_log":3},"minecraft:crafted":{"minecraft:crafting_table":1,"minecraft:oak_planks":12,"minecraft:stick":4,"minecraft:wooden_pickaxe":1},"minecraft:mined":{"minecraft:oak_log":3},"minecraft:custom":{"minecraft:jump":44,"minecraft:time_since_rest":2821,"minecraft:leave_game":5,"minecraft:time_since_death":2821,"minecraft:crouch_one_cm":134,"minecraft:play_time":2821,"minecraft:sprint_one_cm":2627,"minecraft:walk_one_cm":3915,"minecraft:sneak_time":88,"minecraft:total_world_time":2821,"minecraft:interact_with_crafting_table":2,"minecraft:fall_one_cm":627,"minecraft:fly_one_cm":6775},"minecraft:used":{"minecraft:crafting_table":1}},"DataVersion":3465}