{"stats":{"minecraft:used":{"iceandfire:lectern":2,"minecraft:iron_shovel":42,"minecraft:shield":30,"minecraft:iron_sword":243,"goblins_tyranny:shaman_skull":1,"minecraft:rotten_flesh":17,"minecraft:iron_chestplate":2,"quark:cherry_chest":2,"minecraft:brick_slab":1,"minecraft:obsidian":1,"quark:deepslate_furnace":2,"iceandfire:ghost_chest":1,"minecraft:iron_helmet":1,"minecraft:bow":6,"minecraft:furnace":1,"minecraft:potato":1,"minecraft:mossy_stone_bricks":1,"minecraft:diorite":3,"minecraft:oak_planks":122,"minecraft:stone_pickaxe":45,"minecraft:wooden_pickaxe":3,"thaumia:tainted_fence_gate":2,"iceandfire:podium_spruce":1,"minecraft:white_wool":2,"hexerei:mahogany_planks":24,"minecraft:glow_berries":6,"thaumia:broken_spawner":1,"minecraft:blast_furnace":1,"iceandfire:silver_pickaxe":421,"minecraft:crying_obsidian":1,"minecraft:melon_slice":19,"minecraft:bread":169,"thaumia:zombie_brain":9,"thaumia:workbench":1,"thaumia:arcane_moon_engrave":1,"minecraft:stone_sword":75,"iceandfire:silver_sword":472,"minecraft:flint_and_steel":3,"mowziesmobs:umvuthana_mask_misery":3,"thaumia:tainted_log":13,"minecraft:spyglass":34,"minecraft:torch":414,"minecraft:dirt":43,"thaumia:tainted_fence":12,"minecraft:iron_hoe":34,"minecraft:iron_axe":71,"minecraft:iron_boots":1,"thaumia:tainted_planks":97,"thaumia:greatwood_fence":19,"minecraft:cooked_beef":3,"minecraft:cobbled_deepslate":84,"minecraft:iron_leggings":2,"minecraft:water_bucket":9,"minecraft:baked_potato":5,"minecraft:cherry_planks":9,"iceandfire:troll_weapon_axe":2,"minecraft:rail":4,"minecraft:oak_slab":1,"minecraft:crafting_table":11,"minecraft:smoker":1,"minecraft:diamond_pickaxe":1005,"minecraft:apple":4,"minecraft:chicken":1,"minecraft:iron_pickaxe":223,"minecraft:stone_axe":142,"minecraft:cobblestone":50,"minecraft:bucket":9,"minecraft:pumpkin_pie":4,"minecraft:yellow_bed":13,"quark:oak_chest":2,"alexsmobs:animal_dictionary":7},"minecraft:dropped":{"minecraft:iron_sword":2,"minecraft:brown_mushroom":6,"minecraft:lapis_lazuli":3,"minecraft:oak_log":1,"hexerei:mahogany_sapling":10,"minecraft:crossbow":1,"thaumia:zombie_brain":5,"thaumia:lootbag_uncommon":1,"thaumia:lootbag_rare":1,"iceandfire:ectoplasm":3,"minecraft:rail":3,"minecraft:red_mushroom":2,"minecraft:flint":2,"minecraft:dirt":8,"minecraft:grass":4,"minecraft:mutton":6,"thaumia:puriflower":1,"irons_spellbooks:arcane_essence":3,"minecraft:gold_nugget":25,"minecraft:amethyst_shard":19,"minecraft:iron_pickaxe":3,"minecraft:bone":11,"minecraft:gravel":24,"minecraft:stone_axe":3,"minecraft:spyglass":1,"minecraft:iron_nugget":9,"alexsmobs:animal_dictionary":2,"minecraft:cobbled_deepslate":122,"minecraft:wheat":6,"undead_revamp2:arapholia":2,"minecraft:cherry_sapling":1,"minecraft:rotten_flesh":70,"minecraft:oak_planks":30,"thaumia:ancient_weapon":1,"goblins_tyranny:shaman_skull":1,"minecraft:cooked_mutton":6,"patchouli:guide_book":1,"thaumia:arcane_moon_engrave":4,"supplementaries:ash":12,"iceandfire:ghost_chest":1,"minecraft:skeleton_skull":1,"irons_spellbooks:arcane_debris":1,"iceandfire:pixie_dust":2,"iceandfire:bestiary":1,"minecraft:arrow":11,"thaumia:tainted_log":1,"minecraft:beef":1,"minecraft:quartz":18,"iceandfire:manuscript":10,"minecraft:infested_cobblestone":28,"minecraft:netherrack":5,"iceandfire:silver_pickaxe":1,"minecraft:iron_ingot":7,"minecraft:bread":51,"minecraft:wheat_seeds":1,"minecraft:mossy_cobblestone":2,"minecraft:iron_helmet":1,"minecraft:feather":4,"minecraft:cobblestone":23,"minecraft:apple":13,"minecraft:granite":1,"minecraft:copper_ingot":7,"minecraft:coal":1,"iceandfire:troll_weapon_axe":2,"minecraft:stick":32,"thaumia:petrified_log":2,"minecraft:cobweb":8,"minecraft:diorite":1,"iceandfire:copper_nugget":10,"minecraft:torch":51,"thaumia:workbench":1,"minecraft:iron_axe":1,"minecraft:paper":8,"minecraft:string":17,"minecraft:smooth_basalt":2,"iceandfire:silver_nugget":10,"hexerei:sage_seed":1,"iceandfire:ghost_ingot":1,"minecraft:stone_sword":2,"hexerei:mahogany_planks":112,"minecraft:smooth_stone_slab":1,"minecraft:tuff":15,"iceandfire:troll_leather_forest":1,"thaumia:fire_crystal":8,"thaumia:copper_coin":1,"thaumia:iron_greatwood":6,"minecraft:blast_furnace":1,"thaumia:gold_greatwood":1,"thaumia:arcane_bag":1,"minecraft:shield":2,"iceandfire:rotten_egg":1,"minecraft:iron_chestplate":3,"minecraft:diamond_pickaxe":1,"minecraft:andesite":3,"iceandfire:silver_ingot":2,"minecraft:mossy_stone_bricks":1,"thaumia:tarnished_chalice":9,"minecraft:oak_sapling":12,"minecraft:spider_eye":4,"minecraft:slime_ball":5,"minecraft:stone_pickaxe":1,"minecraft:wooden_pickaxe":1,"minecraft:calcite":2,"minecraft:black_wool":1,"minecraft:brick":4,"thaumia:bag":2},"minecraft:crafted":{"minecraft:oak_planks":204,"thaumia:tainted_fence":15,"quark:deepslate_furnace":2,"hexerei:mahogany_planks":140,"quark:cherry_chest":2,"patchouli:guide_book":2,"minecraft:cooked_mutton":6,"minecraft:iron_boots":2,"minecraft:crafting_table":11,"minecraft:baked_potato":13,"minecraft:wooden_pickaxe":1,"minecraft:iron_helmet":3,"minecraft:copper_ingot":11,"thaumia:greatwood_planks":24,"minecraft:iron_chestplate":5,"minecraft:diamond_pickaxe":2,"minecraft:shield":3,"minecraft:stick":184,"quark:oak_chest":2,"minecraft:iron_ingot":83,"minecraft:iron_pickaxe":2,"minecraft:stone_sword":1,"thaumia:greatwood_fence":18,"iceandfire:silver_sword":2,"minecraft:cherry_planks":108,"thaumia:tainted_fence_gate":2,"minecraft:spyglass":3,"minecraft:furnace":1,"thaumia:tainted_planks":124,"minecraft:iron_axe":3,"minecraft:iron_hoe":1,"minecraft:stone_pickaxe":1,"minecraft:wheat":468,"minecraft:cooked_beef":3,"iceandfire:silver_ingot":6,"minecraft:iron_sword":2,"minecraft:bucket":2,"minecraft:stone_axe":2,"minecraft:bread":165,"minecraft:air":0,"minecraft:jungle_planks":24,"minecraft:iron_shovel":1,"minecraft:iron_leggings":4,"minecraft:torch":448,"iceandfire:silver_pickaxe":1},"minecraft:killed_by":{"undead_revamp2:sucker":4,"undead_revamp2:the_moonflower":5,"minecraft:creeper":6,"mowziesmobs:umvuthi":2,"minecraft:cave_spider":1,"iceandfire:ice_dragon":2,"iter_rpg:giant_spider":1,"minecraft:zombie":9,"undead_revamp2:thepregnant":1,"undead_revamp2:theheavy":3,"iceandfire:fire_dragon":6,"undead_revamp2:thegliter":1,"minecraft:player":4,"realmrpg_demons:chort":15,"irons_spellbooks:summoned_skeleton":1,"minecraft:enderman":1,"undead_revamp2:thesomnolence":2,"undead_revamp2:thehorrors":3,"undead_revamp2:thehunter":2,"iceandfire:gorgon":4,"undead_revamp2:therod":3,"irons_spellbooks:necromancer":8,"minecraft:skeleton":6,"undead_revamp2:thebeartamer":3,"thaumia:tainted_grub":4},"minecraft:mined":{"thaumia:earth_deepslate":27,"minecraft:large_amethyst_bud":1,"malum:brilliant_stone":2,"iceandfire:copper_pile":2,"thaumia:greatwood_fence":2,"minecraft:cherry_log":23,"thaumia:earth_stone":19,"minecraft:obsidian":1,"malum:soulstone_ore":17,"thaumia:workbench":1,"minecraft:granite":2,"minecraft:grass_block":22,"minecraft:jungle_log":12,"iceandfire:lectern":2,"thaumia:crate":4,"thaumia:quartz_ore":10,"thaumia:deepslate_experience_ore":50,"malum:deepslate_quartz_ore":6,"minecraft:spawner":3,"minecraft:raw_iron_block":4,"thaumia:air_deepslate":63,"minecraft:iron_ore":85,"minecraft:fire":7,"minecraft:cobbled_deepslate":2,"minecraft:deepslate_lapis_ore":7,"hexerei:mahogany_log":46,"thaumia:research_table":1,"minecraft:cave_vines":4,"thaumia:water_stone":26,"iceandfire:gold_pile":3,"minecraft:iron_bars":1,"thaumia:deepslate_amber_ore":41,"goblins_tyranny:shaman_skull":1,"minecraft:deepslate_redstone_ore":17,"thaumia:loot_urn":2,"minecraft:medium_amethyst_bud":1,"minecraft:smoker":1,"minecraft:amethyst_cluster":3,"thaumia:taint_stone":41,"thaumia:loot_crate":2,"minecraft:torch":11,"irons_spellbooks:arcane_debris":1,"minecraft:blast_furnace":1,"thaumia:taint_deepslate":8,"minecraft:calcite":2,"malum:brilliant_deepslate":1,"iceandfire:ghost_chest":2,"minecraft:chest":2,"minecraft:cobblestone":14,"minecraft:grindstone":1,"minecraft:oak_planks":12,"thaumia:order_deepslate":54,"minecraft:wall_torch":6,"minecraft:amethyst_block":1,"thaumia:silverwood_log":13,"minecraft:smooth_stone_slab":2,"thaumia:golden_loot_crate":2,"minecraft:grass":22,"minecraft:oak_log":34,"thaumia:chaos_deepslate":33,"minecraft:dirt":34,"minecraft:smooth_basalt":2,"minecraft:deepslate":224,"thaumia:air_stone":16,"minecraft:netherrack":9,"minecraft:oak_leaves":5,"thaumia:order_stone":11,"minecraft:crying_obsidian":1,"minecraft:tuff":17,"thaumia:chaos_stone":19,"thaumia:deepslate_cinnabar_ore":2,"iceandfire:silver_ore":10,"minecraft:mossy_cobblestone":5,"minecraft:deepslate_diamond_ore":2,"thaumia:tainted_planks":13,"minecraft:decorated_pot":1,"thaumia:greatwood_log":17,"thaumia:water_deepslate":18,"iter_rpg:big_vase":1,"steam_powered:verdantium_ore":4,"steam_powered:tin_ore":73,"minecraft:hay_block":58,"steam_powered:zinc_ore":64,"minecraft:redstone_ore":8,"iter_rpg:small_vase":3,"minecraft:andesite":3,"minecraft:bookshelf":14,"minecraft:deepslate_iron_ore":81,"minecraft:vine":2,"minecraft:rail":3,"thaumia:fire_deepslate":35,"minecraft:stone":267,"iceandfire:podium_spruce":1,"iceandfire:pixie_jar_empty":1,"minecraft:smithing_table":1,"minecraft:oak_slab":1,"minecraft:glass_pane":1,"thaumia:taint_plant":1,"thaumia:deepslate_quartz_ore":31,"iter_rpg:vase":1,"thaumia:tainted_log":25,"thaumia:fire_stone":17,"minecraft:copper_ore":13,"minecraft:tall_grass":8,"minecraft:lapis_ore":6,"minecraft:deepslate_gold_ore":12,"minecraft:diorite":3,"thaumia:iron_greatwood":2,"thaumia:thaumium_loot_crate":1,"supplementaries:urn":5,"minecraft:brick_slab":1,"minecraft:cobblestone_wall":3,"iter_rpg:abyss_quartz":5,"minecraft:birch_leaves":1,"thaumia:puriflower":1,"minecraft:yellow_bed":15,"minecraft:coal_ore":133,"iceandfire:silver_pile":12,"minecraft:cobweb":67,"minecraft:cracked_stone_bricks":2,"minecraft:stone_bricks":1,"minecraft:mossy_stone_bricks":5,"minecraft:gold_ore":1,"minecraft:fern":2},"minecraft:killed":{"minecraft:cave_spider":7,"iceandfire:gorgon":1,"minecraft:spider":4,"undead_revamp2:thesmoker":1,"undead_revamp2:theswarmer":2,"minecraft:skeleton":6,"minecraft:bee":2,"minecraft:chicken":1,"realmrpg_demons:chort":9,"thaumia:tainted_grub":6,"undead_revamp2:therod":3,"steam_powered:giant_crab":1,"irons_spellbooks:summoned_skeleton":1,"iter_rpg:spiderling":1,"thaumia:giant_phantom":1,"minecraft:sheep":4,"minecraft:pillager":2,"minecraft:zombie":25,"undead_revamp2:theskeeper":1,"minecraft:cow":2,"irons_spellbooks:summoned_zombie":1,"undead_revamp2:thehunter":5,"minecraft:phantom":1,"undead_revamp2:thehorrors":1,"undead_revamp2:sucker":8,"mowziesmobs:umvuthana":8,"theinkarena:natural_ink_brute":1,"iceandfire:troll":2,"undead_revamp2:the_moonflower":9,"undead_revamp2:thesomnolence":9,"iceandfire:ghost":5,"mokels_adventure:cultist":2,"thaumia:angry_zombie":1,"minecraft:enderman":1},"minecraft:custom":{"minecraft:interact_with_crafting_table":67,"minecraft:open_barrel":11,"minecraft:leave_game":13,"minecraft:time_since_death":4358,"minecraft:damage_resisted":2147483647,"minecraft:sprint_one_cm":634803,"minecraft:damage_blocked_by_shield":1695,"minecraft:drop":353,"minecraft:talked_to_villager":12,"minecraft:play_time":421076,"minecraft:deaths":107,"minecraft:jump":4996,"minecraft:walk_on_water_one_cm":62588,"minecraft:interact_with_furnace":39,"minecraft:sleep_in_bed":17,"minecraft:waystone_activated":2,"minecraft:open_enderchest":1,"minecraft:damage_dealt":34334,"minecraft:player_kills":2,"minecraft:crouch_one_cm":171120,"minecraft:interact_with_smoker":19,"minecraft:inspect_dispenser":1,"minecraft:mob_kills":173,"minecraft:damage_dealt_resisted":182,"minecraft:climb_one_cm":2406,"minecraft:walk_one_cm":1211128,"minecraft:sneak_time":50137,"minecraft:walk_under_water_one_cm":44301,"minecraft:interact_with_blast_furnace":11,"minecraft:total_world_time":421076,"minecraft:interact_with_grindstone":1,"minecraft:time_since_rest":2048,"minecraft:damage_taken":2147483647,"minecraft:trigger_trapped_chest":2,"minecraft:swim_one_cm":82098,"minecraft:fly_one_cm":705126,"minecraft:open_chest":172,"minecraft:fall_one_cm":156556},"minecraft:broken":{"minecraft:iron_boots":1,"minecraft:iron_chestplate":1,"minecraft:iron_leggings":1,"minecraft:stone_axe":1,"mowziesmobs:umvuthana_mask_misery":2,"minecraft:iron_helmet":1},"minecraft:picked_up":{"minecraft:iron_chestplate":2,"minecraft:wheat":17,"minecraft:smithing_table":1,"minecraft:lead":1,"thaumia:greatwood_fence":1,"thaumia:fire_crystal":112,"minecraft:amethyst_block":1,"minecraft:string":93,"minecraft:raw_copper":41,"minecraft:smooth_stone_slab":2,"minecraft:iron_leggings":1,"thaumia:silverwood_log":13,"minecraft:zombie_head":1,"irons_spellbooks:arcane_essence":3,"minecraft:gold_nugget":19,"minecraft:cobbled_deepslate":337,"thaumia:petrified_log":4,"steam_powered:raw_zinc":65,"minecraft:calcite":2,"minecraft:iron_pickaxe":1,"minecraft:melon_slice":19,"iceandfire:pixie_dust":1,"minecraft:stick":32,"iceandfire:ghost_chest":3,"hexerei:mahogany_log":35,"minecraft:torch":62,"thaumia:tainted_log":23,"minecraft:cherry_log":16,"iceandfire:rotten_egg":1,"minecraft:diorite":4,"minecraft:stone_sword":1,"thaumia:taint_crystal":96,"minecraft:rotten_flesh":117,"thaumia:lootbag":2,"goblins_tyranny:shaman_skull":2,"supplementaries:ash":11,"irons_spellbooks:arcane_debris":2,"thaumia:gold_greatwood":1,"minecraft:obsidian":1,"undead_revamp2:arapholia":4,"minecraft:cobblestone":275,"minecraft:feather":18,"minecraft:andesite":3,"minecraft:jungle_log":6,"minecraft:smoker":1,"minecraft:potato":1,"thaumia:arcane_bag":1,"minecraft:flint":2,"minecraft:tuff":15,"thaumia:arcane_moon_engrave":6,"undead_revamp2:huntereye":1,"minecraft:lapis_lazuli":83,"minecraft:dirt":54,"minecraft:bone":40,"iter_rpg:ametrine_nugget":1,"thaumia:tarnished_chalice":15,"undead_revamp2:blacpetalblock":1,"thaumia:chaos_crystal":98,"minecraft:bow":1,"minecraft:wheat_seeds":1,"thaumia:lootbag_rare":1,"thaumia:copper_coin":2,"minecraft:raw_gold":16,"minecraft:grindstone":1,"thaumia:workbench":2,"thaumia:zombie_brain":17,"minecraft:mossy_stone_bricks":2,"minecraft:oak_planks":104,"minecraft:ghast_tear":2,"malum:raw_soulstone":16,"iceandfire:podium_spruce":1,"thaumia:broken_spawner":3,"thaumia:water_crystal":86,"theinkarena:ink_power_scroll":1,"alexsmobs:animal_dictionary":1,"minecraft:mossy_cobblestone":6,"minecraft:diamond":2,"iceandfire:lectern":2,"iter_rpg:abyssquartz_shard":10,"iceandfire:troll_weapon_axe":2,"minecraft:crossbow":1,"minecraft:granite":1,"minecraft:grass":2,"minecraft:emerald":1,"minecraft:bread":24,"iceandfire:troll_leather_forest":2,"iceandfire:gorgon_head":1,"minecraft:oak_sapling":12,"minecraft:netherrack":10,"iceandfire:silver_nugget":78,"iceandfire:raw_silver":11,"thaumia:ancient_weapon":2,"minecraft:diamond_pickaxe":1,"minecraft:charcoal":2,"thaumia:gluttony_crystal":1,"minecraft:chicken":1,"minecraft:brown_mushroom":6,"minecraft:infested_cobblestone":28,"thaumia:lootbag_uncommon":2,"minecraft:brick":4,"thaumia:thaumium_ingot":1,"dungeonnowloading:spawner_fragment":14,"iceandfire:ghost_ingot":1,"minecraft:beef":3,"hexerei:mahogany_sapling":20,"minecraft:jungle_sapling":1,"minecraft:iron_nugget":10,"minecraft:chest":2,"minecraft:phantom_membrane":1,"minecraft:raw_iron":163,"minecraft:copper_ingot":10,"minecraft:music_disc_mellohi":1,"thaumia:brass_ingot":1,"minecraft:redstone":78,"hexerei:sage_seed":1,"thaumia:crate":4,"thaumia:tainted_planks":6,"iceandfire:silver_ingot":2,"minecraft:arrow":15,"thaumia:ancient_seal":1,"thaumia:iron_greatwood":7,"malum:natural_quartz":5,"minecraft:hay_block":55,"thaumia:tainted_grub_husk":6,"minecraft:mutton":12,"minecraft:rail":7,"minecraft:skeleton_skull":1,"minecraft:white_wool":4,"thaumia:warded_glass_pane":2,"malum:cluster_of_brilliance":3,"minecraft:red_mushroom":2,"minecraft:oak_log":35,"iceandfire:ectoplasm":4,"thaumia:order_crystal":126,"minecraft:yellow_bed":14,"thaumia:bag":3,"minecraft:gunpowder":1,"minecraft:paper":4,"minecraft:apple":2,"mowziesmobs:umvuthana_mask_rage":1,"iter_rpg:potsherd":1,"minecraft:iron_ingot":3,"minecraft:cobweb":8,"steam_powered:verdantium_crystal":4,"thaumia:puriflower":1,"mowziesmobs:umvuthana_mask_misery":2,"minecraft:iron_sword":1,"minecraft:acacia_sapling":1,"minecraft:book":42,"minecraft:oak_slab":1,"iceandfire:copper_nugget":10,"minecraft:smooth_basalt":2,"thaumia:amber":80,"thaumia:air_crystal":160,"minecraft:quartz":80,"minecraft:raw_iron_block":4,"minecraft:gravel":24,"hexerei:mahogany_planks":64,"minecraft:amethyst_shard":40,"minecraft:blast_furnace":2,"thaumia:research_table":1,"minecraft:crying_obsidian":1,"minecraft:spider_eye":4,"minecraft:brick_slab":1,"iceandfire:silver_pickaxe":1,"minecraft:slime_ball":14,"minecraft:stone_axe":2,"thaumia:greatwood_log":10,"steam_powered:raw_tin":69,"thaumia:experience_shard":100,"thaumia:mercurial_slime_ball":1,"minecraft:iron_helmet":2,"minecraft:cherry_sapling":9,"mowziesmobs:umvuthana_mask_fear":1,"minecraft:black_wool":2,"minecraft:coal":138,"thaumia:earth_crystal":92,"minecraft:ender_pearl":1}},"DataVersion":3465}