{"stats":{"minecraft:picked_up":{"minecraft:hay_block":17,"minecraft:oak_log":3,"minecraft:cobblestone":3},"minecraft:crafted":{"minecraft:oak_planks":12,"minecraft:crafting_table":1,"minecraft:stick":4,"minecraft:bread":30,"minecraft:wooden_pickaxe":1,"minecraft:wheat":90},"minecraft:mined":{"minecraft:hay_block":17,"minecraft:oak_log":3,"minecraft:stone":3},"minecraft:custom":{"minecraft:open_chest":2,"minecraft:time_since_rest":13258,"minecraft:crouch_one_cm":134,"minecraft:sprint_one_cm":21203,"minecraft:play_time":13258,"minecraft:damage_taken":10,"minecraft:walk_one_cm":39056,"minecraft:sneak_time":88,"minecraft:jump":68,"minecraft:interact_with_blast_furnace":1,"minecraft:leave_game":5,"minecraft:time_since_death":13258,"minecraft:interact_with_smoker":1,"minecraft:total_world_time":13258,"minecraft:interact_with_crafting_table":4,"minecraft:talked_to_villager":6,"minecraft:fall_one_cm":1165,"minecraft:fly_one_cm":7655},"minecraft:used":{"minecraft:crafting_table":1,"minecraft:pumpkin_pie":1,"minecraft:wooden_pickaxe":3}},"DataVersion":3465}