{"stats":{"minecraft:mined":{"minecraft:large_amethyst_bud":1,"iceandfire:copper_pile":2,"minecraft:cherry_log":23,"thaumia:earth_stone":14,"minecraft:obsidian":1,"malum:soulstone_ore":4,"thaumia:workbench":1,"minecraft:grass_block":1,"thaumia:quartz_ore":4,"thaumia:crate":4,"iceandfire:lectern":1,"minecraft:iron_ore":46,"minecraft:fire":7,"thaumia:research_table":1,"hexerei:mahogany_log":46,"thaumia:water_stone":19,"iceandfire:gold_pile":3,"minecraft:iron_bars":1,"goblins_tyranny:shaman_skull":1,"thaumia:loot_urn":2,"minecraft:medium_amethyst_bud":1,"minecraft:smoker":1,"minecraft:amethyst_cluster":3,"thaumia:loot_crate":2,"thaumia:taint_stone":5,"minecraft:torch":1,"minecraft:blast_furnace":1,"minecraft:calcite":2,"iceandfire:ghost_chest":1,"minecraft:chest":2,"minecraft:cobblestone":7,"minecraft:grindstone":1,"minecraft:oak_planks":3,"minecraft:wall_torch":3,"minecraft:amethyst_block":1,"thaumia:silverwood_log":13,"minecraft:smooth_stone_slab":2,"thaumia:golden_loot_crate":2,"minecraft:grass":20,"minecraft:oak_log":34,"minecraft:dirt":8,"minecraft:smooth_basalt":2,"minecraft:netherrack":8,"thaumia:air_stone":5,"minecraft:oak_leaves":5,"thaumia:order_stone":9,"minecraft:crying_obsidian":1,"thaumia:chaos_stone":3,"iceandfire:silver_ore":5,"minecraft:mossy_cobblestone":5,"gravestone:gravestone":59,"minecraft:decorated_pot":1,"thaumia:greatwood_log":17,"iter_rpg:big_vase":1,"steam_powered:tin_ore":69,"minecraft:hay_block":58,"steam_powered:zinc_ore":37,"minecraft:redstone_ore":8,"iter_rpg:small_vase":1,"minecraft:andesite":3,"minecraft:bookshelf":14,"minecraft:vine":1,"minecraft:stone":121,"iceandfire:pixie_jar_empty":1,"minecraft:smithing_table":1,"minecraft:glass_pane":1,"thaumia:taint_plant":1,"iter_rpg:vase":1,"thaumia:tainted_log":25,"thaumia:fire_stone":13,"minecraft:tall_grass":8,"minecraft:copper_ore":13,"minecraft:lapis_ore":1,"thaumia:iron_greatwood":2,"thaumia:thaumium_loot_crate":1,"supplementaries:urn":1,"minecraft:brick_slab":1,"minecraft:yellow_bed":15,"thaumia:puriflower":1,"minecraft:coal_ore":73,"iceandfire:silver_pile":3,"minecraft:mossy_stone_bricks":3,"minecraft:gold_ore":1,"minecraft:fern":1},"minecraft:killed_by":{"undead_revamp2:sucker":4,"minecraft:creeper":4,"mowziesmobs:umvuthi":2,"iter_rpg:giant_spider":1,"minecraft:zombie":5,"iceandfire:fire_dragon":6,"minecraft:player":1,"realmrpg_demons:chort":4,"irons_spellbooks:summoned_skeleton":1,"undead_revamp2:thehorrors":2,"undead_revamp2:thehunter":2,"iceandfire:gorgon":4,"undead_revamp2:therod":2,"irons_spellbooks:necromancer":8,"minecraft:skeleton":4,"thaumia:tainted_grub":4},"minecraft:crafted":{"minecraft:oak_planks":136,"quark:cherry_chest":2,"hexerei:mahogany_planks":140,"minecraft:cooked_mutton":6,"minecraft:iron_boots":1,"minecraft:crafting_table":6,"minecraft:wooden_pickaxe":1,"minecraft:iron_helmet":2,"minecraft:copper_ingot":11,"minecraft:iron_chestplate":2,"minecraft:diamond_pickaxe":1,"minecraft:shield":2,"minecraft:stick":64,"quark:oak_chest":2,"minecraft:iron_ingot":32,"minecraft:iron_pickaxe":2,"minecraft:stone_sword":1,"iceandfire:silver_sword":1,"minecraft:cherry_planks":60,"minecraft:spyglass":2,"minecraft:furnace":1,"thaumia:tainted_planks":36,"minecraft:iron_axe":2,"minecraft:stone_pickaxe":1,"minecraft:wheat":252,"minecraft:iron_sword":2,"minecraft:stone_axe":2,"minecraft:bread":88,"minecraft:air":0,"minecraft:iron_leggings":1,"minecraft:torch":144},"minecraft:killed":{"iceandfire:gorgon":1,"minecraft:spider":3,"undead_revamp2:theswarmer":1,"minecraft:skeleton":3,"minecraft:chicken":1,"realmrpg_demons:chort":3,"undead_revamp2:therod":1,"thaumia:tainted_grub":6,"steam_powered:giant_crab":1,"irons_spellbooks:summoned_skeleton":1,"iter_rpg:spiderling":1,"minecraft:sheep":4,"minecraft:pillager":2,"minecraft:zombie":15,"minecraft:cow":2,"undead_revamp2:thehunter":2,"irons_spellbooks:summoned_zombie":1,"minecraft:phantom":1,"undead_revamp2:sucker":8,"mowziesmobs:umvuthana":6,"theinkarena:natural_ink_brute":1,"iceandfire:troll":2,"undead_revamp2:the_moonflower":5,"undead_revamp2:thesomnolence":2,"iceandfire:ghost":4,"mokels_adventure:cultist":2,"thaumia:angry_zombie":1},"minecraft:dropped":{"minecraft:iron_sword":2,"minecraft:brown_mushroom":6,"hexerei:mahogany_sapling":10,"minecraft:crossbow":1,"thaumia:zombie_brain":3,"thaumia:lootbag_uncommon":1,"thaumia:lootbag_rare":1,"iceandfire:ectoplasm":3,"minecraft:red_mushroom":2,"minecraft:flint":2,"minecraft:dirt":7,"minecraft:grass":2,"minecraft:mutton":6,"thaumia:puriflower":1,"irons_spellbooks:arcane_essence":3,"gravestone:obituary":84,"minecraft:gold_nugget":24,"minecraft:amethyst_shard":19,"minecraft:iron_pickaxe":1,"minecraft:bone":7,"minecraft:gravel":24,"minecraft:stone_axe":3,"minecraft:spyglass":1,"minecraft:iron_nugget":1,"alexsmobs:animal_dictionary":2,"minecraft:wheat":3,"undead_revamp2:arapholia":1,"minecraft:cherry_sapling":1,"minecraft:rotten_flesh":42,"minecraft:oak_planks":1,"goblins_tyranny:shaman_skull":1,"patchouli:guide_book":1,"thaumia:arcane_moon_engrave":4,"supplementaries:ash":2,"iceandfire:ghost_chest":1,"minecraft:skeleton_skull":1,"iceandfire:pixie_dust":2,"iceandfire:bestiary":1,"thaumia:tainted_log":1,"minecraft:beef":1,"minecraft:netherrack":5,"iceandfire:manuscript":10,"minecraft:iron_ingot":3,"minecraft:bread":35,"minecraft:wheat_seeds":1,"minecraft:mossy_cobblestone":1,"minecraft:feather":4,"minecraft:cobblestone":23,"minecraft:apple":13,"minecraft:copper_ingot":7,"iceandfire:troll_weapon_axe":2,"minecraft:stick":20,"thaumia:petrified_log":2,"minecraft:diorite":1,"iceandfire:copper_nugget":10,"thaumia:workbench":1,"minecraft:paper":8,"minecraft:string":3,"minecraft:smooth_basalt":2,"iceandfire:silver_nugget":10,"iceandfire:ghost_ingot":1,"minecraft:stone_sword":2,"hexerei:mahogany_planks":112,"minecraft:smooth_stone_slab":1,"iceandfire:troll_leather_forest":1,"thaumia:fire_crystal":8,"thaumia:copper_coin":1,"minecraft:blast_furnace":1,"thaumia:iron_greatwood":6,"thaumia:gold_greatwood":1,"minecraft:shield":1,"iceandfire:rotten_egg":1,"minecraft:iron_chestplate":1,"minecraft:andesite":3,"iceandfire:silver_ingot":2,"minecraft:oak_sapling":12,"thaumia:tarnished_chalice":2,"minecraft:spider_eye":2,"minecraft:slime_ball":5,"minecraft:stone_pickaxe":1,"minecraft:wooden_pickaxe":1,"minecraft:calcite":2,"minecraft:black_wool":1,"minecraft:brick":4,"thaumia:bag":1},"minecraft:picked_up":{"minecraft:wheat":4,"minecraft:smithing_table":1,"thaumia:fire_crystal":34,"minecraft:amethyst_block":1,"minecraft:string":4,"minecraft:raw_copper":41,"minecraft:smooth_stone_slab":2,"thaumia:silverwood_log":13,"irons_spellbooks:arcane_essence":3,"minecraft:gold_nugget":18,"thaumia:petrified_log":4,"steam_powered:raw_zinc":37,"minecraft:calcite":2,"minecraft:melon_slice":19,"iceandfire:pixie_dust":1,"minecraft:stick":17,"iceandfire:ghost_chest":2,"hexerei:mahogany_log":35,"minecraft:torch":7,"thaumia:tainted_log":23,"minecraft:cherry_log":16,"iceandfire:rotten_egg":1,"minecraft:diorite":1,"thaumia:taint_crystal":10,"minecraft:stone_sword":1,"minecraft:rotten_flesh":50,"thaumia:lootbag":2,"goblins_tyranny:shaman_skull":2,"supplementaries:ash":2,"thaumia:gold_greatwood":1,"minecraft:obsidian":1,"undead_revamp2:arapholia":2,"minecraft:cobblestone":129,"minecraft:feather":16,"minecraft:andesite":3,"minecraft:smoker":1,"thaumia:arcane_bag":1,"minecraft:flint":2,"thaumia:arcane_moon_engrave":6,"minecraft:lapis_lazuli":8,"minecraft:dirt":7,"minecraft:bone":26,"iter_rpg:ametrine_nugget":1,"thaumia:tarnished_chalice":8,"thaumia:chaos_crystal":6,"undead_revamp2:blacpetalblock":1,"minecraft:wheat_seeds":1,"thaumia:lootbag_rare":1,"thaumia:copper_coin":2,"minecraft:grindstone":1,"thaumia:workbench":2,"thaumia:zombie_brain":10,"minecraft:mossy_stone_bricks":2,"minecraft:oak_planks":66,"minecraft:ghast_tear":2,"malum:raw_soulstone":4,"thaumia:water_crystal":38,"theinkarena:ink_power_scroll":1,"minecraft:mossy_cobblestone":5,"alexsmobs:animal_dictionary":1,"iceandfire:lectern":1,"iceandfire:troll_weapon_axe":2,"minecraft:crossbow":1,"minecraft:grass":2,"iceandfire:gorgon_head":1,"minecraft:emerald":1,"iceandfire:troll_leather_forest":2,"minecraft:oak_sapling":12,"minecraft:netherrack":10,"iceandfire:silver_nugget":20,"iceandfire:raw_silver":6,"minecraft:charcoal":2,"minecraft:chicken":1,"minecraft:brown_mushroom":6,"thaumia:lootbag_uncommon":2,"gravestone:obituary":24,"minecraft:brick":4,"thaumia:thaumium_ingot":1,"iceandfire:ghost_ingot":1,"minecraft:beef":3,"hexerei:mahogany_sapling":20,"minecraft:iron_nugget":2,"minecraft:chest":2,"minecraft:phantom_membrane":1,"minecraft:raw_iron":43,"minecraft:copper_ingot":9,"thaumia:brass_ingot":1,"hexerei:sage_seed":1,"thaumia:crate":4,"iceandfire:silver_ingot":2,"minecraft:arrow":6,"thaumia:iron_greatwood":7,"minecraft:hay_block":55,"thaumia:tainted_grub_husk":6,"minecraft:mutton":12,"minecraft:skeleton_skull":1,"minecraft:white_wool":4,"thaumia:warded_glass_pane":2,"minecraft:red_mushroom":2,"minecraft:oak_log":34,"iceandfire:ectoplasm":4,"thaumia:order_crystal":18,"minecraft:yellow_bed":14,"minecraft:gunpowder":1,"thaumia:bag":3,"minecraft:paper":4,"minecraft:apple":2,"mowziesmobs:umvuthana_mask_rage":1,"minecraft:iron_ingot":3,"iter_rpg:potsherd":1,"mowziesmobs:umvuthana_mask_misery":2,"thaumia:puriflower":1,"minecraft:acacia_sapling":1,"minecraft:iron_sword":1,"minecraft:book":42,"iceandfire:copper_nugget":10,"minecraft:smooth_basalt":2,"thaumia:air_crystal":10,"minecraft:quartz":6,"minecraft:gravel":24,"hexerei:mahogany_planks":64,"minecraft:amethyst_shard":40,"minecraft:blast_furnace":2,"thaumia:research_table":1,"minecraft:spider_eye":2,"minecraft:crying_obsidian":1,"minecraft:brick_slab":1,"minecraft:slime_ball":10,"minecraft:stone_axe":2,"thaumia:greatwood_log":10,"steam_powered:raw_tin":65,"thaumia:mercurial_slime_ball":1,"minecraft:cherry_sapling":9,"mowziesmobs:umvuthana_mask_fear":1,"minecraft:black_wool":2,"minecraft:coal":75,"thaumia:earth_crystal":28},"minecraft:used":{"iceandfire:lectern":1,"minecraft:shield":20,"minecraft:iron_sword":243,"goblins_tyranny:shaman_skull":1,"minecraft:rotten_flesh":3,"quark:cherry_chest":2,"minecraft:brick_slab":1,"minecraft:obsidian":1,"minecraft:iron_helmet":1,"minecraft:furnace":1,"minecraft:mossy_stone_bricks":1,"minecraft:stone_pickaxe":45,"minecraft:oak_planks":86,"minecraft:wooden_pickaxe":3,"minecraft:white_wool":2,"hexerei:mahogany_planks":24,"minecraft:blast_furnace":1,"minecraft:crying_obsidian":1,"minecraft:melon_slice":19,"minecraft:bread":76,"thaumia:zombie_brain":5,"thaumia:workbench":1,"thaumia:arcane_moon_engrave":1,"minecraft:stone_sword":75,"iceandfire:silver_sword":81,"minecraft:flint_and_steel":3,"mowziesmobs:umvuthana_mask_misery":3,"thaumia:tainted_log":13,"minecraft:torch":115,"minecraft:dirt":1,"minecraft:spyglass":25,"minecraft:iron_axe":36,"minecraft:iron_boots":1,"thaumia:tainted_planks":20,"minecraft:iron_leggings":1,"minecraft:cherry_planks":4,"iceandfire:troll_weapon_axe":2,"minecraft:crafting_table":6,"minecraft:smoker":1,"minecraft:diamond_pickaxe":248,"minecraft:apple":4,"minecraft:chicken":1,"minecraft:iron_pickaxe":221,"minecraft:stone_axe":142,"minecraft:cobblestone":17,"minecraft:yellow_bed":13,"minecraft:pumpkin_pie":4,"quark:oak_chest":2,"alexsmobs:animal_dictionary":7},"minecraft:custom":{"minecraft:interact_with_crafting_table":35,"minecraft:open_barrel":4,"minecraft:leave_game":7,"minecraft:time_since_death":828,"minecraft:damage_resisted":2147483647,"minecraft:sprint_one_cm":365453,"minecraft:damage_blocked_by_shield":1140,"minecraft:drop":209,"minecraft:talked_to_villager":12,"minecraft:play_time":202387,"minecraft:deaths":59,"minecraft:jump":2694,"minecraft:walk_on_water_one_cm":24885,"minecraft:interact_with_furnace":12,"minecraft:sleep_in_bed":10,"minecraft:waystone_activated":2,"minecraft:open_enderchest":1,"minecraft:damage_dealt":16685,"minecraft:player_kills":1,"minecraft:crouch_one_cm":62528,"minecraft:interact_with_smoker":7,"minecraft:inspect_dispenser":1,"minecraft:mob_kills":85,"minecraft:damage_dealt_resisted":76,"minecraft:climb_one_cm":2060,"minecraft:walk_one_cm":659964,"minecraft:sneak_time":17954,"minecraft:walk_under_water_one_cm":8354,"minecraft:interact_with_blast_furnace":6,"minecraft:total_world_time":202387,"minecraft:interact_with_grindstone":1,"minecraft:time_since_rest":862,"minecraft:damage_taken":2147483647,"minecraft:trigger_trapped_chest":1,"minecraft:swim_one_cm":29980,"minecraft:fly_one_cm":375271,"minecraft:open_chest":72,"minecraft:fall_one_cm":86271},"minecraft:broken":{"minecraft:iron_boots":1,"minecraft:iron_chestplate":1,"minecraft:iron_leggings":1,"minecraft:stone_axe":1,"mowziesmobs:umvuthana_mask_misery":1}},"DataVersion":3465}