{"stats":{"minecraft:picked_up":{"minecraft:andesite":2,"minecraft:oak_log":34,"gravestone:obituary":11,"thaumia:order_crystal":2,"minecraft:yellow_bed":6,"thaumia:fire_crystal":18,"minecraft:string":3,"minecraft:raw_copper":41,"minecraft:bone":6,"thaumia:tarnished_chalice":2,"minecraft:apple":2,"thaumia:chaos_crystal":6,"steam_powered:raw_zinc":25,"minecraft:iron_ingot":2,"minecraft:beef":3,"thaumia:zombie_brain":2,"thaumia:puriflower":1,"minecraft:oak_planks":60,"minecraft:phantom_membrane":1,"minecraft:raw_iron":4,"minecraft:ghast_tear":2,"minecraft:stick":5,"thaumia:air_crystal":4,"minecraft:torch":3,"thaumia:tainted_log":23,"minecraft:cherry_log":16,"thaumia:water_crystal":16,"minecraft:spider_eye":1,"minecraft:stone_sword":1,"minecraft:arrow":3,"minecraft:rotten_flesh":20,"minecraft:stone_axe":2,"steam_powered:raw_tin":31,"minecraft:hay_block":17,"minecraft:cherry_sapling":9,"thaumia:tainted_grub_husk":6,"supplementaries:ash":2,"minecraft:oak_sapling":10,"thaumia:earth_crystal":4,"iceandfire:raw_silver":6,"minecraft:coal":40,"minecraft:cobblestone":46},"minecraft:crafted":{"minecraft:oak_planks":136,"minecraft:crafting_table":3,"minecraft:wooden_pickaxe":1,"minecraft:iron_sword":2,"minecraft:stone_axe":2,"minecraft:bread":51,"thaumia:tainted_planks":36,"minecraft:iron_chestplate":2,"minecraft:diamond_pickaxe":1,"minecraft:shield":2,"minecraft:iron_ingot":5,"minecraft:stick":32,"quark:oak_chest":2,"minecraft:iron_pickaxe":2,"minecraft:stone_pickaxe":1,"minecraft:stone_sword":1,"minecraft:torch":40,"minecraft:wheat":153},"minecraft:mined":{"thaumia:chaos_stone":3,"iceandfire:silver_ore":5,"minecraft:cherry_log":23,"thaumia:taint_plant":1,"thaumia:earth_stone":2,"gravestone:gravestone":23,"thaumia:tainted_log":25,"thaumia:fire_stone":9,"minecraft:copper_ore":13,"iter_rpg:big_vase":1,"steam_powered:tin_ore":35,"minecraft:wall_torch":2,"minecraft:hay_block":17,"steam_powered:zinc_ore":25,"minecraft:iron_ore":8,"minecraft:andesite":2,"minecraft:yellow_bed":6,"thaumia:puriflower":1,"thaumia:water_stone":8,"minecraft:grass":7,"minecraft:oak_log":34,"minecraft:coal_ore":40,"minecraft:stone":45,"thaumia:air_stone":2,"thaumia:order_stone":1,"minecraft:fern":1},"minecraft:custom":{"minecraft:interact_with_furnace":2,"minecraft:mob_kills":33,"minecraft:interact_with_crafting_table":23,"minecraft:damage_dealt_resisted":76,"minecraft:leave_game":5,"minecraft:time_since_death":4231,"minecraft:sleep_in_bed":5,"minecraft:time_since_rest":4258,"minecraft:sprint_one_cm":160842,"minecraft:damage_taken":8051,"minecraft:walk_one_cm":260129,"minecraft:damage_blocked_by_shield":795,"minecraft:drop":61,"minecraft:damage_dealt":6467,"minecraft:player_kills":1,"minecraft:talked_to_villager":7,"minecraft:fly_one_cm":133766,"minecraft:open_chest":17,"minecraft:crouch_one_cm":17470,"minecraft:play_time":73258,"minecraft:deaths":24,"minecraft:sneak_time":5420,"minecraft:jump":1014,"minecraft:walk_on_water_one_cm":4335,"minecraft:interact_with_blast_furnace":1,"minecraft:interact_with_smoker":1,"minecraft:total_world_time":73258,"minecraft:fall_one_cm":31865},"minecraft:dropped":{"minecraft:bread":35,"minecraft:iron_sword":1,"minecraft:stone_axe":3,"minecraft:iron_nugget":1,"minecraft:stone_sword":2,"minecraft:cherry_sapling":1,"minecraft:cobblestone":22,"minecraft:rotten_flesh":5,"thaumia:zombie_brain":1,"minecraft:oak_planks":1,"minecraft:stick":10,"supplementaries:ash":2,"minecraft:shield":1,"minecraft:iron_chestplate":1,"minecraft:andesite":2,"thaumia:puriflower":1,"minecraft:oak_sapling":10,"gravestone:obituary":28,"minecraft:spider_eye":1,"thaumia:tainted_log":1,"minecraft:stone_pickaxe":1,"minecraft:beef":1,"minecraft:wooden_pickaxe":1,"minecraft:iron_pickaxe":1,"minecraft:string":2},"minecraft:killed_by":{"undead_revamp2:thehunter":2,"undead_revamp2:sucker":2,"irons_spellbooks:necromancer":8,"irons_spellbooks:summoned_skeleton":1,"minecraft:skeleton":2,"iter_rpg:giant_spider":1,"minecraft:zombie":3,"thaumia:tainted_grub":4},"minecraft:used":{"minecraft:stone_sword":75,"minecraft:stone_pickaxe":45,"minecraft:oak_planks":7,"minecraft:shield":14,"minecraft:wooden_pickaxe":3,"thaumia:tainted_log":13,"minecraft:iron_sword":86,"minecraft:torch":36,"minecraft:dirt":1,"minecraft:crafting_table":3,"minecraft:apple":2,"minecraft:bread":29,"minecraft:iron_pickaxe":151,"thaumia:tainted_planks":20,"minecraft:stone_axe":93,"minecraft:cobblestone":1,"minecraft:pumpkin_pie":3,"minecraft:yellow_bed":6,"quark:oak_chest":2,"alexsmobs:animal_dictionary":3},"minecraft:killed":{"undead_revamp2:thehunter":1,"irons_spellbooks:summoned_zombie":1,"undead_revamp2:the_moonflower":2,"minecraft:spider":2,"iter_rpg:spiderling":1,"minecraft:phantom":1,"minecraft:skeleton":2,"minecraft:zombie":10,"thaumia:tainted_grub":6,"steam_powered:giant_crab":1,"irons_spellbooks:summoned_skeleton":1,"mokels_adventure:cultist":2,"undead_revamp2:sucker":1,"minecraft:cow":2}},"DataVersion":3465}