{"stats":{"minecraft:picked_up":{"minecraft:oak_log":34,"gravestone:obituary":4,"minecraft:yellow_bed":6,"minecraft:string":1,"minecraft:raw_copper":30,"minecraft:apple":2,"minecraft:beef":3,"thaumia:puriflower":1,"minecraft:stick":5,"thaumia:tainted_log":23,"minecraft:cherry_log":16,"minecraft:spider_eye":1,"minecraft:stone_sword":1,"minecraft:rotten_flesh":5,"minecraft:stone_axe":2,"steam_powered:raw_tin":6,"minecraft:hay_block":17,"minecraft:cherry_sapling":1,"thaumia:tainted_grub_husk":6,"minecraft:oak_sapling":10,"minecraft:coal":11,"minecraft:cobblestone":22},"minecraft:mined":{"minecraft:cherry_log":23,"thaumia:taint_plant":1,"gravestone:gravestone":5,"thaumia:tainted_log":25,"minecraft:copper_ore":8,"steam_powered:tin_ore":6,"minecraft:hay_block":17,"minecraft:yellow_bed":6,"thaumia:puriflower":1,"minecraft:grass":6,"minecraft:oak_log":34,"minecraft:coal_ore":11,"minecraft:stone":23,"minecraft:fern":1},"minecraft:crafted":{"minecraft:oak_planks":12,"minecraft:crafting_table":2,"minecraft:wooden_pickaxe":1,"minecraft:stone_axe":2,"minecraft:bread":30,"thaumia:tainted_planks":36,"minecraft:stick":16,"minecraft:stone_pickaxe":1,"minecraft:stone_sword":1,"minecraft:torch":16,"minecraft:wheat":90},"minecraft:killed_by":{"iter_rpg:giant_spider":1,"thaumia:tainted_grub":4},"minecraft:custom":{"minecraft:mob_kills":11,"minecraft:interact_with_crafting_table":5,"minecraft:leave_game":5,"minecraft:time_since_death":6964,"minecraft:sleep_in_bed":3,"minecraft:time_since_rest":5608,"minecraft:sprint_one_cm":88874,"minecraft:damage_taken":1765,"minecraft:walk_one_cm":121504,"minecraft:drop":24,"minecraft:damage_dealt":1606,"minecraft:talked_to_villager":7,"minecraft:fly_one_cm":83810,"minecraft:open_chest":4,"minecraft:crouch_one_cm":5780,"minecraft:play_time":37258,"minecraft:deaths":5,"minecraft:sneak_time":2153,"minecraft:jump":573,"minecraft:interact_with_blast_furnace":1,"minecraft:interact_with_smoker":1,"minecraft:total_world_time":37258,"minecraft:fall_one_cm":13700},"minecraft:dropped":{"minecraft:bread":23,"minecraft:stone_axe":3,"minecraft:stone_sword":1,"minecraft:cherry_sapling":1,"minecraft:cobblestone":4,"minecraft:rotten_flesh":3,"minecraft:stick":8,"thaumia:puriflower":1,"minecraft:oak_sapling":10,"gravestone:obituary":9,"minecraft:spider_eye":1,"thaumia:tainted_log":1,"minecraft:beef":1,"minecraft:wooden_pickaxe":1},"minecraft:used":{"minecraft:stone_sword":50,"minecraft:stone_pickaxe":45,"minecraft:wooden_pickaxe":3,"thaumia:tainted_log":13,"minecraft:torch":6,"minecraft:dirt":1,"minecraft:crafting_table":2,"minecraft:apple":2,"minecraft:bread":8,"thaumia:tainted_planks":14,"minecraft:stone_axe":93,"minecraft:pumpkin_pie":3,"minecraft:yellow_bed":5,"alexsmobs:animal_dictionary":3},"minecraft:killed":{"minecraft:spider":1,"minecraft:zombie":1,"thaumia:tainted_grub":6,"steam_powered:giant_crab":1,"minecraft:cow":2}},"DataVersion":3465}