{"stats":{"minecraft:picked_up":{"minecraft:stick":1,"minecraft:iron_chestplate":1,"grimoireofgaia:soulfire":1,"minecraft:pumpkin":5,"minecraft:sweet_berries":19,"patchouli:guide_book":1,"minecraft:lead":2,"minecraft:spruce_fence":1,"evilcraft:flesh_humanoid":1,"terramity:swordsmans_sarashi":1,"minecraft:yellow_bed":1,"minecraft:spruce_log":16,"alexsmobs:animal_dictionary":2,"minecraft:dirt":13,"minecraft:red_bed":3,"minecraft:iron_shovel":1,"minecraft:wheat_seeds":1,"terramity:shinobi_sash":1,"minecraft:spruce_planks":20,"minecraft:hay_block":1,"knightquest:small_essence":2,"minecraft:iron_ingot":16,"minecraft:iron_pickaxe":2,"relics:infinity_ham":1,"minecraft:gray_wool":1,"minecraft:player_head":1,"minecraft:iron_nugget":1,"minecraft:mutton":2},"minecraft:killed":{"minecraft:sheep":1,"minecraft:zombie":1,"mca:female_villager":1,"grimoireofgaia:oni":2},"minecraft:crafted":{"minecraft:crafting_table":1,"minecraft:spruce_planks":32,"minecraft:stick":4,"minecraft:iron_sword":1},"minecraft:dropped":{"terramity:swordsmans_sarashi":1,"alexsmobs:animal_dictionary":1,"terramity:shinobi_sash":1,"knightquest:small_essence":1},"minecraft:used":{"minecraft:apple":2,"minecraft:iron_shovel":31,"minecraft:iron_axe":10,"minecraft:bread":3,"minecraft:iron_pickaxe":12,"minecraft:sweet_berries":6,"minecraft:crafting_table":1,"minecraft:red_bed":2,"minecraft:crossbow":3},"minecraft:killed_by":{"terramity:dungeon_effigy":1,"grimoireofgaia:nine_tails":2,"mca:male_villager":1,"minecraft:creeper":1,"grimoireofgaia:oni":2},"minecraft:custom":{"minecraft:time_since_rest":2642,"minecraft:sprint_one_cm":107833,"minecraft:damage_taken":5865,"minecraft:walk_one_cm":180901,"minecraft:mob_kills":5,"minecraft:drop":4,"minecraft:damage_dealt":1237,"minecraft:player_kills":1,"minecraft:swim_one_cm":4000,"minecraft:interact_with_crafting_table":1,"minecraft:fly_one_cm":90704,"minecraft:open_barrel":14,"minecraft:open_chest":15,"minecraft:crouch_one_cm":53,"minecraft:play_time":71249,"minecraft:deaths":13,"minecraft:sneak_time":248,"minecraft:walk_under_water_one_cm":6972,"minecraft:jump":691,"minecraft:leave_game":2,"minecraft:walk_on_water_one_cm":11082,"minecraft:time_since_death":2601,"minecraft:sleep_in_bed":3,"minecraft:climb_one_cm":1791,"minecraft:interact_with_smoker":3,"minecraft:total_world_time":71249,"minecraft:fall_one_cm":77322},"minecraft:mined":{"minecraft:red_bed":3,"minecraft:sweet_berry_bush":1,"minecraft:powder_snow":1,"minecraft:pumpkin":5,"vampirism:tent":1,"minecraft:yellow_bed":1,"minecraft:grass":7,"minecraft:spruce_fence":1,"minecraft:white_stained_glass_pane":2,"biomesoplenty:high_grass_plant":1,"antlers:bloody_cow":1,"minecraft:fern":5}},"DataVersion":3465}