{"stats":{"minecraft:picked_up":{"minecraft:stick":1,"minecraft:iron_shovel":1,"minecraft:sweet_berries":18,"patchouli:guide_book":1,"minecraft:spruce_planks":20,"minecraft:iron_ingot":16,"minecraft:player_head":1,"minecraft:yellow_bed":1,"minecraft:spruce_log":16,"alexsmobs:animal_dictionary":2},"minecraft:crafted":{"minecraft:iron_sword":1,"minecraft:crafting_table":1,"minecraft:spruce_planks":32,"minecraft:stick":4},"minecraft:dropped":{"alexsmobs:animal_dictionary":1},"minecraft:used":{"minecraft:iron_shovel":1,"minecraft:crafting_table":1},"minecraft:killed_by":{"terramity:dungeon_effigy":1},"minecraft:custom":{"minecraft:open_chest":1,"minecraft:time_since_rest":1405,"minecraft:damage_taken":2930,"minecraft:play_time":35249,"minecraft:sprint_one_cm":22365,"minecraft:walk_one_cm":47728,"minecraft:deaths":5,"minecraft:sneak_time":101,"minecraft:walk_under_water_one_cm":2897,"minecraft:drop":1,"minecraft:jump":125,"minecraft:damage_dealt":48,"minecraft:leave_game":2,"minecraft:time_since_death":2503,"minecraft:walk_on_water_one_cm":7478,"minecraft:sleep_in_bed":1,"minecraft:total_world_time":35249,"minecraft:swim_one_cm":2658,"minecraft:interact_with_crafting_table":1,"minecraft:fall_one_cm":40497,"minecraft:fly_one_cm":11297},"minecraft:mined":{"minecraft:grass":1,"antlers:bloody_cow":1,"minecraft:yellow_bed":1,"vampirism:tent":1}},"DataVersion":3465}