{"stats":{"minecraft:picked_up":{"minecraft:stick":1,"grimoireofgaia:soulfire":1,"minecraft:sweet_berries":19,"patchouli:guide_book":1,"evilcraft:flesh_humanoid":1,"minecraft:yellow_bed":1,"minecraft:spruce_log":16,"alexsmobs:animal_dictionary":2,"minecraft:dirt":13,"minecraft:red_bed":1,"minecraft:iron_shovel":1,"minecraft:wheat_seeds":1,"minecraft:spruce_planks":20,"knightquest:small_essence":2,"minecraft:iron_ingot":16,"minecraft:iron_pickaxe":1,"relics:infinity_ham":1,"minecraft:gray_wool":1,"minecraft:player_head":1,"minecraft:iron_nugget":1,"minecraft:mutton":2},"minecraft:killed":{"minecraft:sheep":1,"minecraft:zombie":1,"grimoireofgaia:oni":1},"minecraft:crafted":{"minecraft:crafting_table":1,"minecraft:spruce_planks":32,"minecraft:stick":4,"minecraft:iron_sword":1},"minecraft:dropped":{"alexsmobs:animal_dictionary":1,"knightquest:small_essence":1},"minecraft:used":{"minecraft:apple":2,"minecraft:iron_shovel":31,"minecraft:iron_axe":2,"minecraft:bread":3,"minecraft:sweet_berries":6,"minecraft:crafting_table":1},"minecraft:killed_by":{"terramity:dungeon_effigy":1,"grimoireofgaia:nine_tails":2,"minecraft:creeper":1,"grimoireofgaia:oni":2},"minecraft:custom":{"minecraft:time_since_rest":8143,"minecraft:sprint_one_cm":50001,"minecraft:damage_taken":4488,"minecraft:walk_one_cm":101117,"minecraft:mob_kills":3,"minecraft:drop":2,"minecraft:damage_dealt":999,"minecraft:player_kills":1,"minecraft:swim_one_cm":2658,"minecraft:interact_with_crafting_table":1,"minecraft:fly_one_cm":34082,"minecraft:open_barrel":6,"minecraft:open_chest":6,"minecraft:play_time":47249,"minecraft:deaths":10,"minecraft:sneak_time":112,"minecraft:walk_under_water_one_cm":4078,"minecraft:jump":312,"minecraft:leave_game":2,"minecraft:walk_on_water_one_cm":8793,"minecraft:time_since_death":8100,"minecraft:sleep_in_bed":1,"minecraft:climb_one_cm":513,"minecraft:interact_with_smoker":2,"minecraft:total_world_time":47249,"minecraft:fall_one_cm":51971},"minecraft:mined":{"minecraft:red_bed":1,"minecraft:sweet_berry_bush":1,"vampirism:tent":1,"minecraft:yellow_bed":1,"minecraft:grass":6,"minecraft:white_stained_glass_pane":2,"biomesoplenty:high_grass_plant":1,"antlers:bloody_cow":1,"minecraft:fern":2}},"DataVersion":3465}