{"stats":{"minecraft:picked_up":{"minecraft:iron_ingot":12,"minecraft:player_head":1,"minecraft:spruce_log":16,"minecraft:yellow_bed":1,"alexsmobs:animal_dictionary":1},"minecraft:crafted":{"minecraft:iron_sword":1,"minecraft:crafting_table":1,"minecraft:spruce_planks":32,"minecraft:stick":4},"minecraft:dropped":{"alexsmobs:animal_dictionary":1},"minecraft:used":{"minecraft:crafting_table":1},"minecraft:killed_by":{"terramity:dungeon_effigy":1},"minecraft:custom":{"minecraft:time_since_rest":2395,"minecraft:sprint_one_cm":8273,"minecraft:play_time":23622,"minecraft:deaths":2,"minecraft:damage_taken":1120,"minecraft:walk_one_cm":27113,"minecraft:sneak_time":14,"minecraft:walk_under_water_one_cm":2897,"minecraft:drop":1,"minecraft:jump":58,"minecraft:walk_on_water_one_cm":7478,"minecraft:leave_game":1,"minecraft:time_since_death":2343,"minecraft:total_world_time":23622,"minecraft:swim_one_cm":2658,"minecraft:interact_with_crafting_table":1,"minecraft:fall_one_cm":14379,"minecraft:fly_one_cm":2330},"minecraft:mined":{"vampirism:tent":1,"minecraft:yellow_bed":1}},"DataVersion":3465}