{"stats":{"minecraft:picked_up":{"minecraft:stick":1,"minecraft:iron_chestplate":1,"grimoireofgaia:soulfire":1,"minecraft:pumpkin":5,"minecraft:sweet_berries":19,"patchouli:guide_book":1,"minecraft:lead":2,"evilcraft:flesh_humanoid":1,"minecraft:yellow_bed":1,"minecraft:spruce_log":16,"alexsmobs:animal_dictionary":2,"minecraft:dirt":13,"minecraft:red_bed":2,"minecraft:iron_shovel":1,"minecraft:wheat_seeds":1,"minecraft:spruce_planks":20,"minecraft:hay_block":1,"knightquest:small_essence":2,"minecraft:iron_ingot":16,"minecraft:iron_pickaxe":1,"relics:infinity_ham":1,"minecraft:gray_wool":1,"minecraft:player_head":1,"minecraft:iron_nugget":1,"minecraft:mutton":2},"minecraft:killed":{"minecraft:sheep":1,"minecraft:zombie":1,"grimoireofgaia:oni":2},"minecraft:crafted":{"minecraft:crafting_table":1,"minecraft:spruce_planks":32,"minecraft:stick":4,"minecraft:iron_sword":1},"minecraft:dropped":{"alexsmobs:animal_dictionary":1,"knightquest:small_essence":1},"minecraft:used":{"minecraft:apple":2,"minecraft:iron_shovel":31,"minecraft:iron_axe":7,"minecraft:bread":3,"minecraft:iron_pickaxe":8,"minecraft:sweet_berries":6,"minecraft:crafting_table":1,"minecraft:red_bed":1,"minecraft:crossbow":1},"minecraft:killed_by":{"terramity:dungeon_effigy":1,"grimoireofgaia:nine_tails":2,"minecraft:creeper":1,"grimoireofgaia:oni":2},"minecraft:custom":{"minecraft:time_since_rest":1699,"minecraft:sprint_one_cm":79752,"minecraft:damage_taken":5505,"minecraft:walk_one_cm":139183,"minecraft:mob_kills":4,"minecraft:drop":2,"minecraft:damage_dealt":1030,"minecraft:player_kills":1,"minecraft:swim_one_cm":2658,"minecraft:interact_with_crafting_table":1,"minecraft:fly_one_cm":63507,"minecraft:open_barrel":14,"minecraft:open_chest":13,"minecraft:play_time":59249,"minecraft:deaths":12,"minecraft:sneak_time":159,"minecraft:walk_under_water_one_cm":4078,"minecraft:jump":504,"minecraft:leave_game":2,"minecraft:walk_on_water_one_cm":8793,"minecraft:time_since_death":1670,"minecraft:sleep_in_bed":2,"minecraft:climb_one_cm":1061,"minecraft:interact_with_smoker":2,"minecraft:total_world_time":59249,"minecraft:fall_one_cm":65416},"minecraft:mined":{"minecraft:red_bed":2,"minecraft:sweet_berry_bush":1,"minecraft:powder_snow":1,"minecraft:pumpkin":5,"vampirism:tent":1,"minecraft:yellow_bed":1,"minecraft:grass":7,"minecraft:white_stained_glass_pane":2,"biomesoplenty:high_grass_plant":1,"antlers:bloody_cow":1,"minecraft:fern":5}},"DataVersion":3465}