{"stats":{"minecraft:picked_up":{"minecraft:iron_chestplate":1,"grimoireofgaia:soulfire":1,"minecraft:lead":2,"evilcraft:flesh_humanoid":3,"malum:runewood_log":24,"minecraft:yellow_bed":1,"malum:exposed_runewood_log":1,"minecraft:red_bed":4,"minecraft:dirt":14,"minecraft:white_carpet":9,"minecraft:iron_shovel":1,"minecraft:wheat_seeds":5,"minecraft:rabbit_hide":2,"minecraft:spruce_planks":20,"minecraft:iron_ingot":16,"terramity:shinobi_sash":1,"minecraft:player_head":1,"minecraft:iron_nugget":3,"relics:infinity_ham":1,"minecraft:iron_pickaxe":2,"minecraft:stick":12,"minecraft:pumpkin":5,"minecraft:sweet_berries":19,"patchouli:guide_book":1,"minecraft:spruce_fence":1,"minecraft:porkchop":3,"terramity:swordsmans_sarashi":1,"minecraft:spruce_log":16,"alexsmobs:animal_dictionary":2,"minecraft:rotten_flesh":6,"minecraft:hay_block":1,"knightquest:small_essence":3,"minecraft:gray_wool":1,"minecraft:mutton":2,"minecraft:iron_bars":1,"grimoireofgaia:fur":2},"minecraft:crafted":{"minecraft:crafting_table":1,"minecraft:spruce_planks":32,"minecraft:iron_sword":1,"minecraft:stick":4},"minecraft:used":{"minecraft:iron_shovel":31,"minecraft:crafting_table":1,"minecraft:red_bed":3,"minecraft:crossbow":6,"minecraft:apple":2,"minecraft:iron_axe":28,"minecraft:bread":3,"minecraft:iron_pickaxe":15,"minecraft:sweet_berries":6},"minecraft:mined":{"minecraft:red_bed":3,"minecraft:powder_snow":1,"minecraft:grass_block":1,"minecraft:spruce_fence":1,"minecraft:white_stained_glass_pane":2,"biomesoplenty:high_grass_plant":1,"malum:exposed_runewood_log":1,"minecraft:sweet_berry_bush":1,"minecraft:white_carpet":1,"minecraft:pumpkin":5,"minecraft:yellow_bed":1,"vampirism:tent":1,"minecraft:grass":7,"minecraft:iron_bars":1,"antlers:bloody_cow":1,"minecraft:fern":6},"minecraft:dropped":{"terramity:swordsmans_sarashi":1,"minecraft:wheat_seeds":1,"minecraft:player_head":9,"alexsmobs:animal_dictionary":1,"minecraft:white_carpet":9,"minecraft:rotten_flesh":6,"minecraft:spruce_fence":1,"minecraft:rabbit_hide":2,"minecraft:dirt":1,"terramity:shinobi_sash":1,"knightquest:small_essence":2,"minecraft:iron_bars":1},"minecraft:custom":{"minecraft:interact_with_furnace":1,"minecraft:mob_kills":7,"minecraft:interact_with_crafting_table":2,"minecraft:open_barrel":14,"minecraft:leave_game":4,"minecraft:time_since_death":12146,"minecraft:sleep_in_bed":4,"minecraft:climb_one_cm":8191,"minecraft:time_since_rest":12191,"minecraft:waystone_activated":1,"minecraft:sprint_one_cm":217516,"minecraft:damage_taken":11432,"minecraft:walk_one_cm":287921,"minecraft:drop":13,"minecraft:damage_dealt":1774,"minecraft:swim_one_cm":8650,"minecraft:fly_one_cm":184564,"minecraft:player_kills":2,"minecraft:open_chest":20,"minecraft:crouch_one_cm":60,"minecraft:play_time":99279,"minecraft:deaths":29,"minecraft:sneak_time":256,"minecraft:walk_under_water_one_cm":11298,"minecraft:jump":1225,"minecraft:walk_on_water_one_cm":13548,"minecraft:interact_with_smoker":3,"minecraft:total_world_time":99279,"minecraft:fall_one_cm":128655},"minecraft:killed_by":{"terramity:dungeon_effigy":1,"minecraft:player":1,"grimoireofgaia:kobold":1,"mca:male_villager":1,"minecraft:creeper":1,"minecraft:spider":1,"minecraft:zombie":2,"minecraft:pillager":1,"antlers:wendigo":8,"grimoireofgaia:nine_tails":2,"grimoireofgaia:oni":2},"minecraft:killed":{"grimoireofgaia:oni":2,"minecraft:sheep":1,"minecraft:zombie":1,"grimoireofgaia:kobold":1,"alexsmobs:tusklin":1,"mca:female_villager":1}},"DataVersion":3465}