{"stats":{"minecraft:broken":{"minecraft:iron_boots":1,"minecraft:iron_chestplate":1,"minecraft:iron_leggings":1,"mowziesmobs:umvuthana_mask_bliss":1,"minecraft:iron_pickaxe":1,"minecraft:iron_helmet":1},"minecraft:killed_by":{"undead_revamp2:sucker":3,"undead_revamp2:the_moonflower":3,"minecraft:creeper":3,"thaumia:angry_zombie":1,"mowziesmobs:umvuthi":7,"minecraft:vindicator":2,"minecraft:cave_spider":2,"mowziesmobs:umvuthana":2,"minecraft:zombie":4,"undead_revamp2:thepregnant":1,"undead_revamp2:theheavy":4,"iceandfire:fire_dragon":9,"minecraft:player":2,"realmrpg_demons:chort":9,"undead_revamp2:thehorrors":1,"undead_revamp2:thehunter":2,"iceandfire:gorgon":4,"irons_spellbooks:necromancer":5,"minecraft:skeleton":10,"iceandfire:ghost":2,"iceandfire:troll":1,"thaumia:tainted_grub":3},"minecraft:custom":{"minecraft:interact_with_crafting_table":20,"minecraft:open_barrel":7,"minecraft:bell_ring":3,"minecraft:leave_game":4,"minecraft:time_since_death":483,"minecraft:sprint_one_cm":492609,"minecraft:damage_blocked_by_shield":720,"minecraft:drop":150,"minecraft:talked_to_villager":4,"minecraft:play_time":302082,"minecraft:deaths":84,"minecraft:jump":3613,"minecraft:walk_on_water_one_cm":70501,"minecraft:interact_with_furnace":23,"minecraft:sleep_in_bed":14,"minecraft:waystone_activated":1,"minecraft:open_enderchest":2,"minecraft:damage_dealt":14218,"minecraft:player_kills":2,"minecraft:crouch_one_cm":2045,"minecraft:mob_kills":87,"minecraft:damage_dealt_resisted":563,"minecraft:climb_one_cm":4460,"minecraft:walk_one_cm":1273300,"minecraft:sneak_time":1144,"minecraft:walk_under_water_one_cm":41900,"minecraft:total_world_time":302082,"minecraft:interact_with_stonecutter":2,"minecraft:time_since_rest":522,"minecraft:damage_taken":2147483647,"minecraft:trigger_trapped_chest":2,"minecraft:swim_one_cm":50007,"minecraft:fly_one_cm":277711,"minecraft:open_chest":48,"minecraft:fall_one_cm":92654},"minecraft:killed":{"minecraft:cave_spider":6,"minecraft:spider":1,"undead_revamp2:thesmoker":1,"undead_revamp2:theswarmer":1,"minecraft:skeleton":4,"mowziesmobs:umvuthana_crane":2,"realmrpg_demons:chort":3,"undead_revamp2:therod":1,"undead_revamp2:theheavy":1,"iter_rpg:spiderling":4,"thaumia:giant_phantom":1,"minecraft:sheep":6,"minecraft:pillager":1,"minecraft:zombie":12,"minecraft:cow":5,"irons_spellbooks:summoned_zombie":2,"undead_revamp2:thegliter":1,"thaumia:bouldering_zombie":1,"minecraft:slime":1,"thaumia:living_tainted_tree":1,"undead_revamp2:sucker":3,"mowziesmobs:umvuthana":16,"undead_revamp2:the_moonflower":3,"undead_revamp2:thesomnolence":3,"thaumia:angry_skeleton":1,"mokels_adventure:cultist":1},"minecraft:crafted":{"minecraft:oak_planks":36,"minecraft:iron_boots":2,"minecraft:crafting_table":2,"minecraft:iron_helmet":1,"minecraft:diamond_pickaxe":1,"minecraft:stick":28,"quark:oak_chest":2,"minecraft:iron_ingot":33,"minecraft:iron_pickaxe":2,"minecraft:stone_sword":1,"minecraft:furnace":1,"minecraft:stone_pickaxe":1,"minecraft:wheat":153,"malum:coal_fragment":8,"minecraft:iron_sword":2,"minecraft:bread":40,"minecraft:iron_leggings":1,"minecraft:torch":176},"minecraft:dropped":{"minecraft:iron_sword":2,"iceandfire:raw_silver":1,"minecraft:brown_mushroom":3,"minecraft:oak_log":2,"thaumia:zombie_brain":4,"iter_rpg:stone_geode":1,"minecraft:red_mushroom":2,"minecraft:dirt":9,"iceandfire:pixie_jar_empty":1,"gravestone:obituary":66,"minecraft:bone":6,"minecraft:iron_nugget":8,"steam_powered:raw_zinc":1,"minecraft:wheat":1,"minecraft:cherry_sapling":8,"minecraft:rotten_flesh":16,"minecraft:grindstone":2,"minecraft:oak_planks":22,"thaumia:ancient_weapon":1,"thaumia:arcane_moon_engrave":1,"supplementaries:ash":3,"minecraft:oak_slab":6,"minecraft:mossy_cobblestone":7,"minecraft:cobblestone":1,"minecraft:granite":9,"thaumia:broken_spawner":1,"minecraft:diorite":6,"minecraft:melon_slice":19,"minecraft:brown_wool":1,"thaumia:warded_glass_pane":4,"minecraft:string":4,"thaumia:air_crystal":4,"dungeonnowloading:spawner_fragment":5,"thaumia:iron_greatwood":1,"minecraft:allium":1,"minecraft:peony":3,"minecraft:iron_chestplate":1,"minecraft:andesite":3,"minecraft:mossy_stone_bricks":1,"thaumia:tarnished_chalice":3,"minecraft:spider_eye":1},"minecraft:picked_up":{"minecraft:iron_chestplate":3,"minecraft:wheat":7,"thaumia:fire_crystal":8,"iceandfire:manuscript":10,"minecraft:string":43,"minecraft:sea_pickle":4,"minecraft:gold_nugget":20,"minecraft:cobbled_deepslate":29,"steam_powered:raw_zinc":1,"minecraft:iron_pickaxe":2,"minecraft:melon_slice":41,"thaumia:gold_coin":1,"iceandfire:pixie_dust":1,"minecraft:stick":25,"minecraft:torch":63,"thaumia:tainted_log":22,"minecraft:cherry_log":11,"minecraft:diorite":6,"thaumia:taint_crystal":2,"minecraft:rotten_flesh":37,"thaumia:lootbag":2,"supplementaries:ash":12,"minecraft:iron_bars":1,"undead_revamp2:arapholia":1,"minecraft:cobblestone":121,"minecraft:feather":9,"minecraft:andesite":3,"minecraft:brown_wool":1,"minecraft:potato":1,"thaumia:void_ingot":1,"minecraft:tuff":1,"thaumia:arcane_moon_engrave":1,"minecraft:dirt":28,"minecraft:bone":31,"thaumia:tarnished_chalice":6,"thaumia:chaos_crystal":20,"minecraft:wheat_seeds":2,"thaumia:lootbag_rare":1,"minecraft:raw_gold":14,"minecraft:grindstone":2,"thaumia:zombie_brain":8,"minecraft:mossy_stone_bricks":1,"minecraft:bamboo":7,"minecraft:oak_planks":25,"hexerei:animal_fat":1,"minecraft:ghast_tear":1,"patchouli:guide_book":1,"iceandfire:podium_spruce":1,"iter_rpg:spider_silk":1,"minecraft:sand":1,"thaumia:broken_spawner":1,"thaumia:water_crystal":38,"iter_rpg:stone_geode":1,"alexsmobs:animal_dictionary":1,"minecraft:mossy_cobblestone":9,"undead_revamp2:heavytooth":1,"minecraft:bundle":1,"minecraft:diamond":2,"iceandfire:lectern":1,"iceandfire:troll_weapon_axe":1,"minecraft:granite":21,"minecraft:grass":2,"minecraft:bread":52,"minecraft:emerald":8,"minecraft:oak_sapling":35,"iceandfire:raw_silver":3,"thaumia:ancient_weapon":2,"minecraft:crafting_table":3,"minecraft:allium":1,"minecraft:brown_mushroom":3,"thaumia:lootbag_uncommon":1,"gravestone:obituary":41,"minecraft:shield":2,"minecraft:iron_axe":1,"dungeonnowloading:spawner_fragment":13,"iceandfire:ghost_ingot":1,"iceandfire:bestiary":1,"minecraft:beef":8,"minecraft:iron_nugget":8,"minecraft:raw_iron":92,"minecraft:redstone":9,"mowziesmobs:umvuthana_mask_faith":1,"minecraft:arrow":16,"thaumia:iron_greatwood":2,"thaumia:ancient_seal":2,"minecraft:peony":3,"minecraft:hay_block":17,"mowziesmobs:umvuthana_mask_bliss":1,"thaumia:tainted_grub_husk":1,"thaumia:bezoar":1,"minecraft:mutton":7,"minecraft:glow_berries":1,"minecraft:white_wool":3,"thaumia:warded_glass_pane":4,"minecraft:leather":8,"minecraft:red_mushroom":2,"quark:music_disc_rain":1,"minecraft:oak_log":45,"thaumia:order_crystal":10,"minecraft:yellow_bed":6,"thaumia:bag":5,"minecraft:cooked_mutton":6,"minecraft:apple":14,"minecraft:stone_bricks":28,"iceandfire:pixie_jar_empty":1,"minecraft:iron_ingot":7,"thaumia:ancient_stone_tablet":1,"thaumia:puriflower":1,"mowziesmobs:umvuthana_mask_misery":1,"minecraft:iron_sword":3,"thaumia:taintshroom":1,"minecraft:oak_slab":6,"iceandfire:copper_nugget":4,"thaumia:taint_plant":1,"thaumia:air_crystal":28,"thaumia:amber":20,"minecraft:chiseled_stone_bricks":1,"minecraft:quartz":14,"minecraft:spyglass":1,"minecraft:gravel":8,"hexerei:mahogany_planks":48,"minecraft:white_bed":1,"minecraft:spider_eye":5,"minecraft:stone_axe":1,"steam_powered:raw_tin":2,"thaumia:greatwood_log":7,"thaumia:experience_shard":46,"minecraft:iron_helmet":1,"minecraft:cherry_sapling":8,"minecraft:black_wool":1,"minecraft:coal":29,"thaumia:earth_crystal":26},"minecraft:mined":{"minecraft:white_bed":1,"minecraft:cherry_log":11,"minecraft:cobblestone_stairs":2,"thaumia:earth_stone":13,"minecraft:granite":7,"minecraft:grass_block":2,"thaumia:quartz_ore":5,"iceandfire:lectern":1,"thaumia:deepslate_experience_ore":23,"minecraft:chiseled_stone_bricks":1,"minecraft:spawner":3,"thaumia:air_deepslate":4,"minecraft:iron_ore":56,"minecraft:pointed_dripstone":1,"thaumia:water_stone":19,"thaumia:deepslate_amber_ore":10,"minecraft:deepslate_redstone_ore":2,"minecraft:kelp_plant":1,"thaumia:taint_stone":1,"thaumia:loot_crate":4,"minecraft:torch":12,"minecraft:melon":7,"minecraft:cobblestone":12,"minecraft:oak_planks":2,"minecraft:wall_torch":3,"thaumia:golden_loot_crate":1,"minecraft:grass":23,"minecraft:oak_log":46,"minecraft:dirt":11,"minecraft:netherrack":1,"thaumia:air_stone":10,"thaumia:order_stone":5,"minecraft:deepslate":25,"minecraft:tuff":1,"thaumia:chaos_stone":10,"thaumia:deepslate_cinnabar_ore":2,"iceandfire:silver_ore":2,"minecraft:mossy_cobblestone":9,"minecraft:deepslate_diamond_ore":2,"gravestone:gravestone":66,"iter_rpg:big_vase":1,"steam_powered:tin_ore":1,"minecraft:rooted_dirt":2,"minecraft:hay_block":14,"steam_powered:zinc_ore":1,"minecraft:andesite":3,"minecraft:deepslate_iron_ore":34,"minecraft:bamboo":1,"minecraft:stone":105,"iceandfire:podium_spruce":1,"minecraft:oak_slab":3,"minecraft:crafting_table":3,"thaumia:deepslate_quartz_ore":2,"thaumia:warded_glass_pane":2,"iter_rpg:vase":1,"thaumia:tainted_log":22,"thaumia:fire_stone":4,"thaumia:taintshroom":1,"minecraft:tall_grass":4,"minecraft:deepslate_gold_ore":2,"thaumia:iron_greatwood":1,"minecraft:diorite":6,"supplementaries:urn":11,"minecraft:cobblestone_wall":1,"minecraft:sea_pickle":1,"minecraft:birch_leaves":1,"minecraft:yellow_bed":5,"minecraft:coal_ore":30,"iter_rpg:spider_egg":1,"minecraft:cobweb":32,"minecraft:cracked_stone_bricks":1,"minecraft:stone_bricks":29,"minecraft:mossy_stone_bricks":3,"minecraft:gold_ore":12,"minecraft:fern":1},"minecraft:used":{"minecraft:shield":13,"minecraft:iron_sword":344,"minecraft:mutton":6,"minecraft:bow":5,"minecraft:furnace":1,"minecraft:stone_pickaxe":53,"iceandfire:podium_spruce":1,"minecraft:glow_berries":1,"minecraft:melon_slice":15,"minecraft:bread":68,"minecraft:gravel":1,"minecraft:stone_sword":36,"minecraft:torch":111,"minecraft:dirt":4,"minecraft:spyglass":29,"iceandfire:pixie_dust":1,"minecraft:granite":5,"minecraft:iron_axe":7,"minecraft:cobbled_deepslate":21,"iceandfire:troll_weapon_axe":10,"minecraft:crafting_table":3,"minecraft:diamond_pickaxe":161,"minecraft:apple":24,"minecraft:iron_pickaxe":285,"minecraft:stone_axe":97,"minecraft:chiseled_stone_bricks":1,"minecraft:cobblestone":84,"minecraft:yellow_bed":5,"quark:oak_chest":2,"alexsmobs:animal_dictionary":14}},"DataVersion":3465}