{"stats":{"minecraft:picked_up":{"hexerei:animal_fat":1,"minecraft:stick":23,"minecraft:crafting_table":1,"minecraft:leather":3,"minecraft:oak_log":36,"minecraft:cherry_log":11,"minecraft:yellow_bed":4,"minecraft:rotten_flesh":4,"minecraft:apple":1,"minecraft:stone_axe":1,"minecraft:beef":4,"minecraft:cherry_sapling":7,"minecraft:bread":23,"supplementaries:ash":1,"minecraft:oak_sapling":25,"minecraft:cobblestone":5},"minecraft:mined":{"minecraft:cherry_log":11,"minecraft:yellow_bed":4,"minecraft:crafting_table":1,"minecraft:oak_log":38},"minecraft:crafted":{"minecraft:oak_planks":28,"minecraft:crafting_table":1,"minecraft:stone_pickaxe":1},"minecraft:dropped":{"minecraft:rotten_flesh":2},"minecraft:custom":{"minecraft:time_since_rest":8382,"minecraft:sprint_one_cm":47922,"minecraft:damage_taken":95,"minecraft:walk_one_cm":87163,"minecraft:mob_kills":2,"minecraft:drop":2,"minecraft:damage_dealt":62,"minecraft:talked_to_villager":2,"minecraft:interact_with_crafting_table":1,"minecraft:fly_one_cm":36047,"minecraft:open_chest":2,"minecraft:play_time":14853,"minecraft:bell_ring":2,"minecraft:jump":258,"minecraft:time_since_death":14853,"minecraft:sleep_in_bed":1,"minecraft:total_world_time":14853,"minecraft:fall_one_cm":7558},"minecraft:used":{"minecraft:bread":3,"minecraft:stone_axe":54,"minecraft:bow":4,"minecraft:crafting_table":1,"minecraft:yellow_bed":3,"alexsmobs:animal_dictionary":5},"minecraft:killed":{"minecraft:cow":2}},"DataVersion":3465}