{"stats":{"minecraft:picked_up":{"minecraft:crafting_table":2,"minecraft:iron_chestplate":1,"minecraft:wheat":3,"minecraft:leather":3,"quark:music_disc_rain":1,"minecraft:oak_log":43,"gravestone:obituary":10,"thaumia:order_crystal":8,"minecraft:yellow_bed":5,"minecraft:shield":1,"minecraft:string":2,"minecraft:dirt":9,"minecraft:bone":8,"dungeonnowloading:spawner_fragment":3,"thaumia:tarnished_chalice":2,"minecraft:apple":1,"thaumia:chaos_crystal":2,"minecraft:raw_gold":6,"minecraft:beef":5,"thaumia:zombie_brain":4,"minecraft:iron_pickaxe":1,"thaumia:puriflower":1,"minecraft:iron_sword":2,"minecraft:oak_planks":22,"hexerei:animal_fat":1,"minecraft:ghast_tear":1,"minecraft:stick":25,"minecraft:raw_iron":4,"thaumia:taint_plant":1,"thaumia:air_crystal":12,"iter_rpg:spider_silk":1,"thaumia:tainted_log":22,"minecraft:cherry_log":11,"thaumia:water_crystal":24,"iter_rpg:stone_geode":1,"minecraft:spider_eye":1,"minecraft:arrow":3,"minecraft:rotten_flesh":20,"minecraft:stone_axe":1,"steam_powered:raw_tin":2,"minecraft:granite":7,"minecraft:cherry_sapling":8,"minecraft:bread":35,"thaumia:tainted_grub_husk":1,"supplementaries:ash":3,"minecraft:oak_sapling":35,"iceandfire:raw_silver":2,"minecraft:coal":19,"thaumia:earth_crystal":24,"minecraft:cobblestone":41},"minecraft:crafted":{"minecraft:oak_planks":36,"malum:coal_fragment":8,"minecraft:crafting_table":1,"minecraft:furnace":1,"minecraft:diamond_pickaxe":1,"minecraft:stick":16,"quark:oak_chest":2,"minecraft:iron_ingot":2,"minecraft:stone_pickaxe":1,"minecraft:stone_sword":1,"minecraft:torch":48},"minecraft:mined":{"thaumia:chaos_stone":2,"iceandfire:silver_ore":1,"minecraft:cherry_log":11,"thaumia:earth_stone":12,"minecraft:crafting_table":2,"gravestone:gravestone":17,"thaumia:tainted_log":22,"minecraft:tall_grass":3,"steam_powered:tin_ore":1,"minecraft:spawner":1,"minecraft:iron_ore":2,"minecraft:yellow_bed":5,"minecraft:grass":2,"minecraft:oak_log":45,"minecraft:coal_ore":19,"thaumia:water_stone":12,"minecraft:dirt":5,"minecraft:stone":38,"minecraft:gold_ore":6,"thaumia:air_stone":6,"thaumia:order_stone":4,"minecraft:fern":1},"minecraft:dropped":{"minecraft:iron_sword":1,"iceandfire:raw_silver":1,"minecraft:cherry_sapling":8,"minecraft:rotten_flesh":9,"minecraft:oak_planks":22,"iter_rpg:stone_geode":1,"supplementaries:ash":1,"gravestone:obituary":11},"minecraft:custom":{"minecraft:interact_with_furnace":5,"minecraft:mob_kills":20,"minecraft:interact_with_crafting_table":9,"minecraft:bell_ring":2,"minecraft:damage_dealt_resisted":37,"minecraft:time_since_death":2251,"minecraft:sleep_in_bed":5,"minecraft:time_since_rest":2285,"minecraft:walk_one_cm":326173,"minecraft:sprint_one_cm":139719,"minecraft:damage_taken":6889,"minecraft:damage_blocked_by_shield":180,"minecraft:drop":21,"minecraft:damage_dealt":3359,"minecraft:talked_to_villager":2,"minecraft:fly_one_cm":98146,"minecraft:open_chest":19,"minecraft:crouch_one_cm":2,"minecraft:play_time":62853,"minecraft:deaths":20,"minecraft:sneak_time":8,"minecraft:jump":1014,"minecraft:walk_on_water_one_cm":9867,"minecraft:total_world_time":62853,"minecraft:fall_one_cm":27863},"minecraft:killed_by":{"undead_revamp2:thehunter":2,"minecraft:player":1,"undead_revamp2:sucker":1,"irons_spellbooks:necromancer":5,"minecraft:skeleton":6,"minecraft:creeper":2,"thaumia:tainted_grub":3},"minecraft:used":{"minecraft:stone_sword":30,"minecraft:stone_pickaxe":47,"minecraft:shield":3,"minecraft:iron_sword":54,"minecraft:torch":26,"minecraft:crafting_table":2,"minecraft:diamond_pickaxe":45,"minecraft:bread":26,"minecraft:iron_pickaxe":16,"minecraft:stone_axe":97,"minecraft:cobblestone":1,"minecraft:bow":4,"minecraft:furnace":1,"quark:oak_chest":2,"minecraft:yellow_bed":5,"alexsmobs:animal_dictionary":5},"minecraft:killed":{"irons_spellbooks:summoned_zombie":2,"undead_revamp2:the_moonflower":1,"minecraft:spider":1,"undead_revamp2:thesmoker":1,"thaumia:living_tainted_tree":1,"undead_revamp2:theswarmer":1,"minecraft:skeleton":3,"minecraft:zombie":6,"mokels_adventure:cultist":1,"minecraft:cow":2}},"DataVersion":3465}