{"stats":{"minecraft:used":{"minecraft:stone_sword":36,"minecraft:shield":12,"minecraft:iron_sword":102,"minecraft:torch":48,"minecraft:spyglass":6,"minecraft:mutton":4,"minecraft:bow":5,"minecraft:furnace":1,"minecraft:stone_pickaxe":53,"iceandfire:troll_weapon_axe":3,"iceandfire:podium_spruce":1,"minecraft:crafting_table":2,"minecraft:diamond_pickaxe":132,"minecraft:melon_slice":10,"minecraft:bread":33,"minecraft:iron_pickaxe":16,"minecraft:gravel":1,"minecraft:stone_axe":97,"minecraft:cobblestone":38,"minecraft:yellow_bed":5,"quark:oak_chest":2,"alexsmobs:animal_dictionary":5},"minecraft:killed":{"irons_spellbooks:summoned_zombie":2,"minecraft:spider":1,"undead_revamp2:thesmoker":1,"minecraft:slime":1,"thaumia:living_tainted_tree":1,"undead_revamp2:theswarmer":1,"minecraft:skeleton":4,"realmrpg_demons:chort":1,"undead_revamp2:sucker":1,"undead_revamp2:the_moonflower":1,"iter_rpg:spiderling":4,"thaumia:giant_phantom":1,"minecraft:sheep":3,"undead_revamp2:thesomnolence":1,"minecraft:zombie":7,"mokels_adventure:cultist":1,"minecraft:cow":5},"minecraft:killed_by":{"minecraft:player":1,"undead_revamp2:sucker":1,"realmrpg_demons:chort":3,"minecraft:creeper":2,"thaumia:angry_zombie":1,"undead_revamp2:thehorrors":1,"undead_revamp2:thehunter":2,"irons_spellbooks:necromancer":5,"minecraft:skeleton":8,"minecraft:zombie":3,"iceandfire:troll":1,"thaumia:tainted_grub":3},"minecraft:dropped":{"minecraft:iron_sword":2,"iceandfire:raw_silver":1,"minecraft:brown_mushroom":3,"thaumia:zombie_brain":2,"iter_rpg:stone_geode":1,"minecraft:red_mushroom":2,"minecraft:dirt":2,"minecraft:melon_slice":19,"gravestone:obituary":33,"minecraft:cherry_sapling":8,"minecraft:rotten_flesh":14,"minecraft:oak_planks":22,"supplementaries:ash":1,"thaumia:tarnished_chalice":2,"minecraft:spider_eye":1},"minecraft:mined":{"thaumia:chaos_stone":10,"iceandfire:silver_ore":2,"minecraft:cherry_log":11,"thaumia:earth_stone":13,"gravestone:gravestone":27,"minecraft:grass_block":2,"thaumia:quartz_ore":2,"iceandfire:lectern":1,"steam_powered:tin_ore":1,"minecraft:spawner":1,"minecraft:hay_block":1,"minecraft:iron_ore":14,"thaumia:water_stone":12,"minecraft:bamboo":1,"minecraft:stone":53,"iceandfire:podium_spruce":1,"minecraft:crafting_table":2,"thaumia:taint_stone":1,"minecraft:torch":1,"iter_rpg:vase":1,"thaumia:tainted_log":22,"minecraft:melon":7,"thaumia:fire_stone":3,"thaumia:taintshroom":1,"minecraft:tall_grass":3,"supplementaries:urn":4,"minecraft:yellow_bed":5,"minecraft:oak_log":45,"minecraft:grass":8,"minecraft:coal_ore":27,"iter_rpg:spider_egg":1,"minecraft:dirt":7,"minecraft:stone_bricks":28,"thaumia:air_stone":8,"minecraft:gold_ore":6,"thaumia:order_stone":5,"minecraft:fern":1},"minecraft:picked_up":{"minecraft:crafting_table":2,"minecraft:iron_chestplate":1,"minecraft:wheat":3,"minecraft:brown_mushroom":3,"gravestone:obituary":20,"minecraft:shield":1,"thaumia:fire_crystal":6,"iceandfire:manuscript":10,"minecraft:string":5,"dungeonnowloading:spawner_fragment":3,"iceandfire:bestiary":1,"minecraft:gold_nugget":6,"minecraft:beef":8,"minecraft:iron_pickaxe":1,"minecraft:melon_slice":41,"minecraft:stick":25,"minecraft:raw_iron":15,"thaumia:tainted_log":22,"minecraft:cherry_log":11,"thaumia:taint_crystal":2,"minecraft:arrow":3,"minecraft:rotten_flesh":25,"minecraft:hay_block":3,"thaumia:tainted_grub_husk":1,"supplementaries:ash":9,"minecraft:mutton":4,"minecraft:white_wool":2,"minecraft:cobblestone":55,"minecraft:leather":8,"minecraft:red_mushroom":2,"quark:music_disc_rain":1,"minecraft:oak_log":43,"thaumia:order_crystal":10,"minecraft:yellow_bed":5,"minecraft:dirt":13,"minecraft:bone":15,"thaumia:tarnished_chalice":3,"minecraft:stone_bricks":28,"minecraft:apple":14,"thaumia:chaos_crystal":18,"minecraft:raw_gold":6,"minecraft:grindstone":1,"thaumia:zombie_brain":6,"minecraft:bamboo":7,"thaumia:puriflower":1,"minecraft:oak_planks":23,"minecraft:iron_sword":3,"thaumia:taintshroom":1,"hexerei:animal_fat":1,"minecraft:ghast_tear":1,"iceandfire:copper_nugget":4,"thaumia:taint_plant":1,"thaumia:air_crystal":16,"iceandfire:podium_spruce":1,"iter_rpg:spider_silk":1,"minecraft:quartz":4,"minecraft:spyglass":1,"minecraft:gravel":8,"thaumia:water_crystal":24,"iter_rpg:stone_geode":1,"minecraft:spider_eye":2,"minecraft:bundle":1,"minecraft:stone_axe":1,"steam_powered:raw_tin":2,"iceandfire:troll_weapon_axe":1,"minecraft:granite":7,"minecraft:cherry_sapling":8,"minecraft:emerald":4,"minecraft:bread":35,"minecraft:oak_sapling":35,"minecraft:black_wool":1,"iceandfire:raw_silver":3,"minecraft:coal":24,"thaumia:earth_crystal":26},"minecraft:crafted":{"minecraft:oak_planks":36,"minecraft:furnace":1,"minecraft:iron_boots":1,"minecraft:stone_pickaxe":1,"malum:coal_fragment":8,"minecraft:crafting_table":1,"minecraft:iron_helmet":1,"minecraft:diamond_pickaxe":1,"minecraft:stick":16,"quark:oak_chest":2,"minecraft:iron_ingot":25,"minecraft:stone_sword":1,"minecraft:iron_leggings":1,"minecraft:torch":48},"minecraft:custom":{"minecraft:mob_kills":39,"minecraft:interact_with_crafting_table":11,"minecraft:bell_ring":2,"minecraft:damage_dealt_resisted":37,"minecraft:leave_game":2,"minecraft:time_since_death":13188,"minecraft:climb_one_cm":338,"minecraft:sprint_one_cm":222791,"minecraft:walk_one_cm":504012,"minecraft:damage_blocked_by_shield":720,"minecraft:drop":71,"minecraft:talked_to_villager":2,"minecraft:play_time":109643,"minecraft:deaths":31,"minecraft:sneak_time":320,"minecraft:jump":1549,"minecraft:walk_on_water_one_cm":11544,"minecraft:total_world_time":109643,"minecraft:interact_with_furnace":15,"minecraft:interact_with_stonecutter":2,"minecraft:sleep_in_bed":6,"minecraft:time_since_rest":13235,"minecraft:damage_taken":10292,"minecraft:damage_dealt":5749,"minecraft:fly_one_cm":148675,"minecraft:player_kills":1,"minecraft:open_chest":27,"minecraft:crouch_one_cm":1194,"minecraft:fall_one_cm":40420}},"DataVersion":3465}