{"stats":{"minecraft:picked_up":{"minecraft:crafting_table":2,"minecraft:iron_chestplate":1,"minecraft:leather":3,"minecraft:oak_log":43,"gravestone:obituary":3,"minecraft:yellow_bed":5,"minecraft:shield":1,"minecraft:dirt":1,"dungeonnowloading:spawner_fragment":3,"minecraft:apple":1,"thaumia:chaos_crystal":2,"minecraft:beef":5,"minecraft:iron_pickaxe":1,"thaumia:puriflower":1,"minecraft:iron_sword":1,"minecraft:oak_planks":22,"hexerei:animal_fat":1,"minecraft:ghast_tear":1,"minecraft:stick":25,"thaumia:taint_plant":1,"thaumia:tainted_log":22,"minecraft:cherry_log":11,"thaumia:water_crystal":16,"minecraft:rotten_flesh":15,"minecraft:stone_axe":1,"steam_powered:raw_tin":1,"minecraft:cherry_sapling":8,"minecraft:bread":31,"thaumia:tainted_grub_husk":1,"supplementaries:ash":2,"minecraft:oak_sapling":35,"minecraft:coal":9,"thaumia:earth_crystal":4,"minecraft:cobblestone":27},"minecraft:crafted":{"minecraft:oak_planks":36,"minecraft:crafting_table":1,"minecraft:diamond_pickaxe":1,"minecraft:stick":4,"minecraft:stone_pickaxe":1,"minecraft:stone_sword":1},"minecraft:mined":{"thaumia:chaos_stone":2,"minecraft:cherry_log":11,"thaumia:earth_stone":2,"minecraft:crafting_table":2,"gravestone:gravestone":4,"thaumia:tainted_log":22,"minecraft:tall_grass":3,"steam_powered:tin_ore":1,"minecraft:spawner":1,"minecraft:yellow_bed":5,"minecraft:grass":2,"minecraft:oak_log":45,"minecraft:coal_ore":9,"thaumia:water_stone":8,"minecraft:dirt":1,"minecraft:stone":22,"minecraft:fern":1},"minecraft:dropped":{"minecraft:cherry_sapling":8,"minecraft:rotten_flesh":9,"minecraft:oak_planks":22,"supplementaries:ash":1,"gravestone:obituary":5},"minecraft:killed_by":{"undead_revamp2:sucker":1,"thaumia:tainted_grub":3},"minecraft:custom":{"minecraft:mob_kills":6,"minecraft:interact_with_crafting_table":6,"minecraft:bell_ring":2,"minecraft:time_since_death":5447,"minecraft:sleep_in_bed":3,"minecraft:time_since_rest":2556,"minecraft:walk_one_cm":194656,"minecraft:sprint_one_cm":97959,"minecraft:damage_taken":1631,"minecraft:drop":12,"minecraft:damage_dealt":1120,"minecraft:talked_to_villager":2,"minecraft:fly_one_cm":69096,"minecraft:open_chest":11,"minecraft:crouch_one_cm":2,"minecraft:play_time":38853,"minecraft:deaths":4,"minecraft:sneak_time":8,"minecraft:jump":614,"minecraft:total_world_time":38853,"minecraft:fall_one_cm":18942},"minecraft:used":{"minecraft:stone_sword":30,"minecraft:stone_pickaxe":30,"minecraft:crafting_table":2,"minecraft:bread":13,"minecraft:iron_pickaxe":16,"minecraft:stone_axe":97,"minecraft:bow":4,"minecraft:yellow_bed":5,"alexsmobs:animal_dictionary":5},"minecraft:killed":{"undead_revamp2:the_moonflower":1,"thaumia:living_tainted_tree":1,"undead_revamp2:theswarmer":1,"mokels_adventure:cultist":1,"minecraft:cow":2}},"DataVersion":3465}