{"stats":{"minecraft:picked_up":{"minecraft:crafting_table":2,"minecraft:iron_chestplate":1,"minecraft:wheat":3,"minecraft:leather":3,"minecraft:brown_mushroom":3,"minecraft:red_mushroom":2,"quark:music_disc_rain":1,"minecraft:oak_log":43,"gravestone:obituary":15,"thaumia:order_crystal":8,"minecraft:yellow_bed":5,"minecraft:shield":1,"thaumia:fire_crystal":2,"minecraft:string":4,"minecraft:dirt":10,"minecraft:bone":8,"dungeonnowloading:spawner_fragment":3,"thaumia:tarnished_chalice":3,"minecraft:apple":1,"thaumia:chaos_crystal":10,"minecraft:raw_gold":6,"minecraft:beef":5,"thaumia:zombie_brain":5,"minecraft:iron_pickaxe":1,"thaumia:puriflower":1,"minecraft:iron_sword":3,"minecraft:oak_planks":22,"hexerei:animal_fat":1,"minecraft:ghast_tear":1,"minecraft:stick":25,"minecraft:raw_iron":9,"thaumia:taint_plant":1,"thaumia:air_crystal":12,"iter_rpg:spider_silk":1,"thaumia:tainted_log":22,"minecraft:cherry_log":11,"thaumia:water_crystal":24,"iter_rpg:stone_geode":1,"minecraft:spider_eye":2,"minecraft:arrow":3,"minecraft:rotten_flesh":24,"minecraft:stone_axe":1,"steam_powered:raw_tin":2,"iceandfire:troll_weapon_axe":1,"minecraft:granite":7,"minecraft:cherry_sapling":8,"minecraft:bread":35,"thaumia:tainted_grub_husk":1,"supplementaries:ash":4,"minecraft:oak_sapling":35,"iceandfire:raw_silver":3,"minecraft:coal":19,"thaumia:earth_crystal":24,"minecraft:cobblestone":49},"minecraft:crafted":{"minecraft:oak_planks":36,"malum:coal_fragment":8,"minecraft:crafting_table":1,"minecraft:furnace":1,"minecraft:diamond_pickaxe":1,"minecraft:stick":16,"quark:oak_chest":2,"minecraft:iron_ingot":2,"minecraft:stone_pickaxe":1,"minecraft:stone_sword":1,"minecraft:torch":48},"minecraft:mined":{"thaumia:chaos_stone":6,"iceandfire:silver_ore":2,"minecraft:cherry_log":11,"thaumia:earth_stone":12,"minecraft:crafting_table":2,"minecraft:torch":1,"gravestone:gravestone":24,"thaumia:tainted_log":22,"thaumia:fire_stone":1,"minecraft:tall_grass":3,"steam_powered:tin_ore":1,"minecraft:spawner":1,"minecraft:iron_ore":8,"minecraft:yellow_bed":5,"minecraft:grass":2,"iter_rpg:spider_egg":1,"minecraft:oak_log":45,"minecraft:coal_ore":19,"thaumia:water_stone":12,"minecraft:dirt":6,"minecraft:stone":46,"minecraft:gold_ore":6,"thaumia:air_stone":6,"thaumia:order_stone":4,"minecraft:fern":1},"minecraft:dropped":{"minecraft:iron_sword":2,"iceandfire:raw_silver":1,"minecraft:brown_mushroom":3,"minecraft:cherry_sapling":8,"minecraft:rotten_flesh":9,"thaumia:zombie_brain":1,"minecraft:oak_planks":22,"iter_rpg:stone_geode":1,"minecraft:red_mushroom":2,"supplementaries:ash":1,"thaumia:tarnished_chalice":2,"minecraft:spider_eye":1,"gravestone:obituary":22},"minecraft:custom":{"minecraft:interact_with_furnace":5,"minecraft:mob_kills":28,"minecraft:interact_with_crafting_table":9,"minecraft:bell_ring":2,"minecraft:damage_dealt_resisted":37,"minecraft:time_since_death":1778,"minecraft:sleep_in_bed":5,"minecraft:time_since_rest":2935,"minecraft:walk_one_cm":379349,"minecraft:sprint_one_cm":146893,"minecraft:damage_taken":9244,"minecraft:damage_blocked_by_shield":180,"minecraft:drop":38,"minecraft:damage_dealt":4719,"minecraft:talked_to_villager":2,"minecraft:fly_one_cm":105684,"minecraft:player_kills":1,"minecraft:open_chest":19,"minecraft:crouch_one_cm":1194,"minecraft:play_time":80853,"minecraft:deaths":28,"minecraft:sneak_time":320,"minecraft:jump":1130,"minecraft:walk_on_water_one_cm":11443,"minecraft:total_world_time":80853,"minecraft:fall_one_cm":31987},"minecraft:killed_by":{"undead_revamp2:thehunter":2,"minecraft:player":1,"undead_revamp2:sucker":1,"irons_spellbooks:necromancer":5,"realmrpg_demons:chort":1,"minecraft:skeleton":7,"minecraft:creeper":2,"minecraft:zombie":3,"iceandfire:troll":1,"thaumia:angry_zombie":1,"thaumia:tainted_grub":3,"undead_revamp2:thehorrors":1},"minecraft:used":{"minecraft:stone_sword":36,"minecraft:stone_pickaxe":47,"minecraft:shield":3,"minecraft:iron_sword":78,"iceandfire:troll_weapon_axe":1,"minecraft:torch":38,"minecraft:crafting_table":2,"minecraft:diamond_pickaxe":68,"minecraft:bread":30,"minecraft:iron_pickaxe":16,"minecraft:stone_axe":97,"minecraft:cobblestone":25,"minecraft:bow":4,"minecraft:furnace":1,"quark:oak_chest":2,"minecraft:yellow_bed":5,"alexsmobs:animal_dictionary":5},"minecraft:killed":{"irons_spellbooks:summoned_zombie":2,"undead_revamp2:the_moonflower":1,"minecraft:spider":1,"undead_revamp2:thesmoker":1,"iter_rpg:spiderling":4,"thaumia:living_tainted_tree":1,"undead_revamp2:theswarmer":1,"minecraft:skeleton":3,"minecraft:zombie":7,"undead_revamp2:sucker":1,"mokels_adventure:cultist":1,"minecraft:cow":2}},"DataVersion":3465}