{"stats":{"minecraft:picked_up":{"minecraft:crafting_table":2,"minecraft:iron_chestplate":1,"minecraft:wheat":3,"minecraft:leather":3,"minecraft:oak_log":43,"gravestone:obituary":6,"minecraft:yellow_bed":5,"minecraft:shield":1,"minecraft:string":2,"minecraft:dirt":5,"dungeonnowloading:spawner_fragment":3,"thaumia:tarnished_chalice":1,"minecraft:apple":1,"thaumia:chaos_crystal":2,"minecraft:beef":5,"thaumia:zombie_brain":4,"minecraft:iron_pickaxe":1,"thaumia:puriflower":1,"minecraft:iron_sword":2,"minecraft:oak_planks":22,"hexerei:animal_fat":1,"minecraft:ghast_tear":1,"minecraft:stick":25,"minecraft:raw_iron":2,"thaumia:taint_plant":1,"iter_rpg:spider_silk":1,"thaumia:tainted_log":22,"minecraft:cherry_log":11,"thaumia:water_crystal":16,"minecraft:rotten_flesh":20,"minecraft:stone_axe":1,"steam_powered:raw_tin":2,"minecraft:cherry_sapling":8,"minecraft:bread":35,"thaumia:tainted_grub_husk":1,"supplementaries:ash":3,"minecraft:oak_sapling":35,"minecraft:coal":19,"thaumia:earth_crystal":4,"minecraft:cobblestone":34},"minecraft:crafted":{"minecraft:oak_planks":36,"malum:coal_fragment":8,"minecraft:crafting_table":1,"minecraft:furnace":1,"minecraft:diamond_pickaxe":1,"minecraft:stick":16,"minecraft:iron_ingot":2,"minecraft:stone_pickaxe":1,"minecraft:stone_sword":1,"minecraft:torch":48},"minecraft:mined":{"thaumia:chaos_stone":2,"minecraft:cherry_log":11,"thaumia:earth_stone":2,"minecraft:crafting_table":2,"gravestone:gravestone":9,"thaumia:tainted_log":22,"minecraft:tall_grass":3,"steam_powered:tin_ore":1,"minecraft:spawner":1,"minecraft:iron_ore":2,"minecraft:yellow_bed":5,"minecraft:grass":2,"minecraft:oak_log":45,"minecraft:coal_ore":19,"thaumia:water_stone":8,"minecraft:dirt":1,"minecraft:stone":32,"minecraft:fern":1},"minecraft:dropped":{"minecraft:iron_sword":1,"minecraft:cherry_sapling":8,"minecraft:rotten_flesh":9,"minecraft:oak_planks":22,"supplementaries:ash":1,"gravestone:obituary":6},"minecraft:custom":{"minecraft:interact_with_furnace":3,"minecraft:mob_kills":17,"minecraft:interact_with_crafting_table":8,"minecraft:bell_ring":2,"minecraft:damage_dealt_resisted":37,"minecraft:time_since_death":242,"minecraft:sleep_in_bed":3,"minecraft:time_since_rest":291,"minecraft:walk_one_cm":267215,"minecraft:sprint_one_cm":121626,"minecraft:damage_taken":4532,"minecraft:drop":14,"minecraft:damage_dealt":2582,"minecraft:talked_to_villager":2,"minecraft:fly_one_cm":82109,"minecraft:open_chest":16,"minecraft:crouch_one_cm":2,"minecraft:play_time":50853,"minecraft:deaths":12,"minecraft:sneak_time":8,"minecraft:jump":774,"minecraft:total_world_time":50853,"minecraft:fall_one_cm":21746},"minecraft:killed_by":{"undead_revamp2:thehunter":1,"minecraft:player":1,"undead_revamp2:sucker":1,"irons_spellbooks:necromancer":5,"minecraft:creeper":1,"thaumia:tainted_grub":3},"minecraft:used":{"minecraft:stone_sword":30,"minecraft:stone_pickaxe":47,"minecraft:iron_sword":36,"minecraft:torch":4,"minecraft:crafting_table":2,"minecraft:diamond_pickaxe":8,"minecraft:bread":24,"minecraft:iron_pickaxe":16,"minecraft:stone_axe":97,"minecraft:bow":4,"minecraft:furnace":1,"minecraft:yellow_bed":5,"alexsmobs:animal_dictionary":5},"minecraft:killed":{"irons_spellbooks:summoned_zombie":2,"undead_revamp2:the_moonflower":1,"minecraft:spider":1,"undead_revamp2:thesmoker":1,"thaumia:living_tainted_tree":1,"undead_revamp2:theswarmer":1,"minecraft:skeleton":1,"minecraft:zombie":5,"mokels_adventure:cultist":1,"minecraft:cow":2}},"DataVersion":3465}