{"stats":{"minecraft:picked_up":{"hexerei:animal_fat":1,"minecraft:stick":23,"minecraft:crafting_table":2,"thaumia:taint_plant":1,"minecraft:leather":3,"thaumia:tainted_log":22,"minecraft:oak_log":43,"minecraft:cherry_log":11,"gravestone:obituary":3,"minecraft:yellow_bed":5,"minecraft:dirt":1,"minecraft:rotten_flesh":8,"minecraft:apple":1,"minecraft:stone_axe":1,"steam_powered:raw_tin":1,"minecraft:beef":5,"minecraft:cherry_sapling":8,"thaumia:tainted_grub_husk":1,"minecraft:bread":23,"supplementaries:ash":1,"minecraft:oak_sapling":35,"thaumia:puriflower":1,"minecraft:coal":9,"minecraft:cobblestone":23},"minecraft:mined":{"minecraft:cherry_log":11,"minecraft:yellow_bed":5,"minecraft:crafting_table":2,"gravestone:gravestone":3,"minecraft:coal_ore":9,"minecraft:oak_log":45,"thaumia:tainted_log":22,"minecraft:dirt":1,"minecraft:tall_grass":3,"minecraft:stone":18,"steam_powered:tin_ore":1,"minecraft:fern":1},"minecraft:crafted":{"minecraft:oak_planks":28,"minecraft:crafting_table":1,"minecraft:stone_pickaxe":1,"minecraft:stone_sword":1},"minecraft:killed_by":{"thaumia:tainted_grub":3},"minecraft:dropped":{"minecraft:rotten_flesh":4,"gravestone:obituary":5},"minecraft:custom":{"minecraft:time_since_rest":5608,"minecraft:sprint_one_cm":82205,"minecraft:damage_taken":945,"minecraft:walk_one_cm":127210,"minecraft:mob_kills":4,"minecraft:drop":8,"minecraft:damage_dealt":198,"minecraft:talked_to_villager":2,"minecraft:interact_with_crafting_table":2,"minecraft:fly_one_cm":51761,"minecraft:open_chest":2,"minecraft:play_time":26853,"minecraft:deaths":3,"minecraft:bell_ring":2,"minecraft:jump":449,"minecraft:time_since_death":7510,"minecraft:sleep_in_bed":2,"minecraft:total_world_time":26853,"minecraft:fall_one_cm":16525},"minecraft:used":{"minecraft:bread":4,"minecraft:stone_pickaxe":28,"minecraft:stone_axe":97,"minecraft:bow":4,"minecraft:crafting_table":2,"minecraft:yellow_bed":4,"alexsmobs:animal_dictionary":5},"minecraft:killed":{"undead_revamp2:the_moonflower":1,"thaumia:living_tainted_tree":1,"minecraft:cow":2}},"DataVersion":3465}