{"stats":{"minecraft:mined":{"thaumia:chaos_stone":10,"minecraft:white_bed":1,"iceandfire:silver_ore":2,"minecraft:mossy_cobblestone":4,"minecraft:cherry_log":11,"thaumia:earth_stone":13,"gravestone:gravestone":37,"minecraft:grass_block":2,"thaumia:quartz_ore":2,"iceandfire:lectern":1,"steam_powered:tin_ore":1,"minecraft:spawner":1,"minecraft:hay_block":14,"minecraft:iron_ore":14,"minecraft:pointed_dripstone":1,"thaumia:water_stone":12,"minecraft:bamboo":1,"minecraft:stone":53,"iceandfire:podium_spruce":1,"thaumia:loot_crate":3,"minecraft:crafting_table":2,"thaumia:taint_stone":1,"minecraft:torch":1,"iter_rpg:vase":1,"thaumia:tainted_log":22,"minecraft:melon":7,"thaumia:fire_stone":3,"thaumia:taintshroom":1,"minecraft:tall_grass":4,"minecraft:cobblestone":2,"supplementaries:urn":4,"minecraft:yellow_bed":5,"minecraft:grass":10,"minecraft:oak_log":45,"minecraft:coal_ore":27,"iter_rpg:spider_egg":1,"minecraft:dirt":8,"minecraft:stone_bricks":28,"thaumia:air_stone":8,"minecraft:gold_ore":6,"thaumia:order_stone":5,"minecraft:fern":1},"minecraft:killed_by":{"undead_revamp2:sucker":3,"minecraft:player":1,"undead_revamp2:the_moonflower":1,"realmrpg_demons:chort":3,"minecraft:creeper":2,"thaumia:angry_zombie":1,"undead_revamp2:thehorrors":1,"undead_revamp2:thehunter":2,"irons_spellbooks:necromancer":5,"minecraft:skeleton":8,"minecraft:zombie":3,"iceandfire:ghost":2,"undead_revamp2:thepregnant":1,"iceandfire:troll":1,"iceandfire:fire_dragon":9,"thaumia:tainted_grub":3},"minecraft:crafted":{"minecraft:oak_planks":36,"minecraft:furnace":1,"minecraft:iron_boots":1,"minecraft:stone_pickaxe":1,"minecraft:wheat":81,"malum:coal_fragment":8,"minecraft:crafting_table":1,"minecraft:iron_helmet":1,"minecraft:diamond_pickaxe":1,"minecraft:stick":16,"quark:oak_chest":2,"minecraft:iron_ingot":25,"minecraft:stone_sword":1,"minecraft:iron_leggings":1,"minecraft:torch":48},"minecraft:killed":{"irons_spellbooks:summoned_zombie":2,"minecraft:spider":1,"undead_revamp2:thesmoker":1,"minecraft:slime":1,"thaumia:living_tainted_tree":1,"undead_revamp2:theswarmer":1,"minecraft:skeleton":4,"realmrpg_demons:chort":1,"undead_revamp2:therod":1,"undead_revamp2:sucker":3,"undead_revamp2:the_moonflower":2,"iter_rpg:spiderling":4,"thaumia:giant_phantom":1,"minecraft:sheep":6,"minecraft:pillager":1,"undead_revamp2:thesomnolence":1,"minecraft:zombie":8,"mokels_adventure:cultist":1,"minecraft:cow":5},"minecraft:used":{"minecraft:stone_sword":36,"minecraft:shield":13,"minecraft:iron_sword":141,"minecraft:torch":48,"minecraft:spyglass":7,"minecraft:dirt":4,"minecraft:mutton":6,"minecraft:bow":5,"minecraft:furnace":1,"minecraft:stone_pickaxe":53,"iceandfire:troll_weapon_axe":10,"iceandfire:podium_spruce":1,"minecraft:crafting_table":2,"minecraft:diamond_pickaxe":142,"minecraft:apple":8,"minecraft:bread":35,"minecraft:melon_slice":15,"minecraft:iron_pickaxe":16,"minecraft:gravel":1,"minecraft:stone_axe":97,"minecraft:cobblestone":38,"alexsmobs:animal_dictionary":5,"minecraft:yellow_bed":5,"quark:oak_chest":2},"minecraft:dropped":{"minecraft:iron_sword":2,"iceandfire:raw_silver":1,"minecraft:brown_mushroom":3,"minecraft:mossy_cobblestone":4,"minecraft:cobblestone":1,"thaumia:zombie_brain":2,"iter_rpg:stone_geode":1,"minecraft:red_mushroom":2,"minecraft:dirt":2,"iceandfire:pixie_jar_empty":1,"minecraft:melon_slice":19,"minecraft:brown_wool":1,"gravestone:obituary":44,"minecraft:cherry_sapling":8,"minecraft:rotten_flesh":14,"minecraft:grindstone":2,"minecraft:oak_planks":22,"thaumia:iron_greatwood":1,"thaumia:arcane_moon_engrave":1,"supplementaries:ash":2,"minecraft:peony":3,"minecraft:allium":1,"minecraft:mossy_stone_bricks":1,"thaumia:tarnished_chalice":2,"minecraft:spider_eye":1},"minecraft:picked_up":{"minecraft:crafting_table":2,"minecraft:iron_chestplate":1,"minecraft:wheat":5,"minecraft:allium":1,"minecraft:brown_mushroom":3,"gravestone:obituary":23,"minecraft:shield":1,"thaumia:fire_crystal":6,"iceandfire:manuscript":10,"minecraft:string":5,"dungeonnowloading:spawner_fragment":3,"iceandfire:ghost_ingot":1,"iceandfire:bestiary":1,"minecraft:gold_nugget":20,"minecraft:beef":8,"minecraft:iron_pickaxe":1,"minecraft:melon_slice":41,"minecraft:stick":25,"minecraft:raw_iron":15,"thaumia:tainted_log":22,"minecraft:cherry_log":11,"thaumia:taint_crystal":2,"minecraft:arrow":5,"minecraft:rotten_flesh":33,"thaumia:lootbag":2,"minecraft:peony":3,"thaumia:iron_greatwood":1,"minecraft:hay_block":17,"thaumia:bezoar":1,"thaumia:tainted_grub_husk":1,"supplementaries:ash":9,"minecraft:mutton":7,"undead_revamp2:arapholia":1,"minecraft:white_wool":3,"minecraft:cobblestone":58,"minecraft:brown_wool":1,"minecraft:leather":8,"minecraft:red_mushroom":2,"minecraft:potato":1,"quark:music_disc_rain":1,"minecraft:oak_log":43,"thaumia:arcane_moon_engrave":1,"thaumia:order_crystal":10,"minecraft:yellow_bed":6,"thaumia:bag":3,"minecraft:dirt":21,"minecraft:bone":24,"thaumia:tarnished_chalice":3,"minecraft:stone_bricks":28,"minecraft:apple":14,"thaumia:chaos_crystal":18,"iceandfire:pixie_jar_empty":1,"minecraft:wheat_seeds":2,"minecraft:raw_gold":6,"minecraft:iron_ingot":3,"minecraft:grindstone":2,"thaumia:zombie_brain":6,"minecraft:mossy_stone_bricks":1,"minecraft:bamboo":7,"thaumia:puriflower":1,"minecraft:iron_sword":3,"minecraft:oak_planks":23,"thaumia:taintshroom":1,"hexerei:animal_fat":1,"minecraft:ghast_tear":1,"iceandfire:copper_nugget":4,"thaumia:taint_plant":1,"thaumia:air_crystal":16,"iceandfire:podium_spruce":1,"iter_rpg:spider_silk":1,"hexerei:mahogany_planks":48,"minecraft:quartz":4,"minecraft:spyglass":1,"minecraft:gravel":8,"minecraft:sand":1,"thaumia:water_crystal":24,"minecraft:white_bed":1,"iter_rpg:stone_geode":1,"minecraft:spider_eye":2,"minecraft:mossy_cobblestone":4,"minecraft:bundle":1,"minecraft:stone_axe":1,"iceandfire:lectern":1,"steam_powered:raw_tin":2,"iceandfire:troll_weapon_axe":1,"minecraft:granite":7,"minecraft:cherry_sapling":8,"minecraft:emerald":5,"minecraft:bread":35,"minecraft:oak_sapling":35,"minecraft:black_wool":1,"iceandfire:raw_silver":3,"minecraft:coal":24,"thaumia:earth_crystal":26},"minecraft:custom":{"minecraft:mob_kills":48,"minecraft:interact_with_crafting_table":11,"minecraft:bell_ring":3,"minecraft:damage_dealt_resisted":37,"minecraft:leave_game":2,"minecraft:time_since_death":2594,"minecraft:climb_one_cm":1854,"minecraft:sprint_one_cm":288072,"minecraft:walk_one_cm":667609,"minecraft:damage_blocked_by_shield":720,"minecraft:drop":94,"minecraft:talked_to_villager":4,"minecraft:play_time":145257,"minecraft:deaths":47,"minecraft:sneak_time":320,"minecraft:walk_under_water_one_cm":3678,"minecraft:jump":1942,"minecraft:walk_on_water_one_cm":17633,"minecraft:total_world_time":145257,"minecraft:interact_with_furnace":15,"minecraft:interact_with_stonecutter":2,"minecraft:sleep_in_bed":11,"minecraft:time_since_rest":2635,"minecraft:damage_taken":15131,"minecraft:open_enderchest":2,"minecraft:trigger_trapped_chest":2,"minecraft:damage_dealt":7527,"minecraft:fly_one_cm":182770,"minecraft:player_kills":1,"minecraft:open_chest":34,"minecraft:crouch_one_cm":1194,"minecraft:fall_one_cm":53959}},"DataVersion":3465}