{"stats":{"minecraft:used":{"minecraft:stone_sword":36,"minecraft:stone_pickaxe":53,"minecraft:shield":12,"minecraft:iron_sword":82,"iceandfire:troll_weapon_axe":3,"minecraft:torch":48,"minecraft:spyglass":6,"minecraft:crafting_table":2,"minecraft:diamond_pickaxe":102,"minecraft:bread":33,"minecraft:iron_pickaxe":16,"minecraft:gravel":1,"minecraft:stone_axe":97,"minecraft:cobblestone":37,"minecraft:bow":5,"minecraft:furnace":1,"alexsmobs:animal_dictionary":5,"quark:oak_chest":2,"minecraft:yellow_bed":5},"minecraft:killed":{"irons_spellbooks:summoned_zombie":2,"undead_revamp2:the_moonflower":1,"minecraft:spider":1,"undead_revamp2:thesmoker":1,"iter_rpg:spiderling":4,"thaumia:giant_phantom":1,"minecraft:slime":1,"thaumia:living_tainted_tree":1,"undead_revamp2:theswarmer":1,"minecraft:skeleton":4,"undead_revamp2:thesomnolence":1,"minecraft:zombie":7,"realmrpg_demons:chort":1,"mokels_adventure:cultist":1,"undead_revamp2:sucker":1,"minecraft:cow":2},"minecraft:dropped":{"minecraft:iron_sword":2,"iceandfire:raw_silver":1,"minecraft:brown_mushroom":3,"minecraft:cherry_sapling":8,"minecraft:rotten_flesh":14,"thaumia:zombie_brain":2,"minecraft:oak_planks":22,"iter_rpg:stone_geode":1,"minecraft:red_mushroom":2,"minecraft:dirt":2,"supplementaries:ash":1,"thaumia:tarnished_chalice":2,"gravestone:obituary":32,"minecraft:spider_eye":1},"minecraft:killed_by":{"undead_revamp2:thehunter":2,"undead_revamp2:sucker":1,"minecraft:player":1,"irons_spellbooks:necromancer":5,"realmrpg_demons:chort":3,"minecraft:skeleton":8,"minecraft:creeper":2,"minecraft:zombie":3,"iceandfire:troll":1,"thaumia:angry_zombie":1,"thaumia:tainted_grub":3,"undead_revamp2:thehorrors":1},"minecraft:mined":{"thaumia:chaos_stone":10,"iceandfire:silver_ore":2,"minecraft:cherry_log":11,"thaumia:earth_stone":13,"thaumia:taint_stone":1,"minecraft:crafting_table":2,"minecraft:torch":1,"gravestone:gravestone":27,"iter_rpg:vase":1,"thaumia:tainted_log":22,"thaumia:quartz_ore":2,"thaumia:fire_stone":3,"minecraft:tall_grass":3,"steam_powered:tin_ore":1,"minecraft:spawner":1,"supplementaries:urn":4,"minecraft:iron_ore":14,"minecraft:yellow_bed":5,"minecraft:grass":2,"iter_rpg:spider_egg":1,"minecraft:coal_ore":27,"minecraft:oak_log":45,"thaumia:water_stone":12,"minecraft:dirt":7,"minecraft:stone":51,"thaumia:air_stone":8,"minecraft:gold_ore":6,"thaumia:order_stone":5,"minecraft:fern":1},"minecraft:picked_up":{"minecraft:iron_chestplate":1,"minecraft:crafting_table":2,"minecraft:wheat":3,"minecraft:leather":3,"minecraft:brown_mushroom":3,"minecraft:red_mushroom":2,"quark:music_disc_rain":1,"minecraft:oak_log":43,"gravestone:obituary":20,"thaumia:order_crystal":10,"minecraft:yellow_bed":5,"minecraft:shield":1,"thaumia:fire_crystal":6,"minecraft:string":5,"minecraft:dirt":11,"minecraft:bone":13,"dungeonnowloading:spawner_fragment":3,"thaumia:tarnished_chalice":3,"minecraft:apple":1,"thaumia:chaos_crystal":18,"minecraft:raw_gold":6,"minecraft:beef":5,"thaumia:zombie_brain":6,"minecraft:iron_pickaxe":1,"thaumia:puriflower":1,"minecraft:iron_sword":3,"minecraft:oak_planks":23,"hexerei:animal_fat":1,"minecraft:ghast_tear":1,"minecraft:raw_iron":15,"minecraft:stick":25,"thaumia:taint_plant":1,"thaumia:air_crystal":16,"iter_rpg:spider_silk":1,"minecraft:quartz":4,"minecraft:spyglass":1,"minecraft:gravel":8,"thaumia:tainted_log":22,"minecraft:cherry_log":11,"thaumia:water_crystal":24,"iter_rpg:stone_geode":1,"minecraft:spider_eye":2,"minecraft:bundle":1,"thaumia:taint_crystal":2,"minecraft:arrow":3,"minecraft:rotten_flesh":25,"minecraft:stone_axe":1,"steam_powered:raw_tin":2,"iceandfire:troll_weapon_axe":1,"minecraft:granite":7,"minecraft:cherry_sapling":8,"minecraft:bread":35,"minecraft:emerald":4,"thaumia:tainted_grub_husk":1,"supplementaries:ash":9,"minecraft:oak_sapling":35,"minecraft:coal":24,"thaumia:earth_crystal":26,"iceandfire:raw_silver":3,"minecraft:cobblestone":54},"minecraft:crafted":{"minecraft:oak_planks":36,"malum:coal_fragment":8,"minecraft:crafting_table":1,"minecraft:iron_helmet":1,"minecraft:furnace":1,"minecraft:iron_boots":1,"minecraft:diamond_pickaxe":1,"minecraft:iron_leggings":1,"minecraft:stick":16,"quark:oak_chest":2,"minecraft:iron_ingot":25,"minecraft:stone_pickaxe":1,"minecraft:stone_sword":1,"minecraft:torch":48},"minecraft:custom":{"minecraft:interact_with_furnace":14,"minecraft:mob_kills":33,"minecraft:interact_with_crafting_table":11,"minecraft:bell_ring":2,"minecraft:damage_dealt_resisted":37,"minecraft:leave_game":2,"minecraft:time_since_death":1188,"minecraft:sleep_in_bed":6,"minecraft:time_since_rest":1235,"minecraft:damage_taken":10292,"minecraft:sprint_one_cm":185135,"minecraft:walk_one_cm":451828,"minecraft:damage_blocked_by_shield":720,"minecraft:drop":51,"minecraft:damage_dealt":5209,"minecraft:talked_to_villager":2,"minecraft:fly_one_cm":131279,"minecraft:player_kills":1,"minecraft:play_time":97643,"minecraft:open_chest":24,"minecraft:crouch_one_cm":1194,"minecraft:deaths":31,"minecraft:sneak_time":320,"minecraft:jump":1347,"minecraft:walk_on_water_one_cm":11544,"minecraft:total_world_time":97643,"minecraft:fall_one_cm":35946}},"DataVersion":3465}