{"stats":{"minecraft:killed":{"minecraft:creeper":1,"minecraft:sheep":3,"minecraft:chicken":1,"monsterplus:overgrown_skeleton":1},"minecraft:picked_up":{"minecraft:feather":1,"minecraft:chicken":1,"minecraft:glow_ink_sac":3,"minecraft:brown_wool":1,"minecraft:oak_log":2,"evilcraft:flesh_humanoid":2,"minecraft:yellow_bed":6,"minecraft:gunpowder":2,"minecraft:dirt":27,"minecraft:bone":1,"minecraft:wheat_seeds":1,"minecraft:spruce_planks":22,"minecraft:iron_ingot":7,"minecraft:player_head":2,"minecraft:sugar_cane":4,"minecraft:iron_sword":1,"minecraft:oak_planks":1,"minecraft:book":9,"minecraft:golden_helmet":1,"minecraft:stick":6,"minecraft:raw_iron":25,"patchouli:guide_book":1,"minecraft:torch":3,"minecraft:spruce_sapling":15,"minecraft:spruce_log":74,"minecraft:white_bed":2,"alexsmobs:animal_dictionary":1,"vampirism:hunter_table":1,"minecraft:arrow":1,"minecraft:rotten_flesh":12,"biomesoplenty:jacaranda_log":11,"minecraft:hay_block":11,"supplementaries:ash":4,"minecraft:mutton":4,"minecraft:glow_berries":1,"minecraft:stripped_dark_oak_log":3,"minecraft:coal":39,"minecraft:cobblestone":39,"minecraft:white_wool":2},"minecraft:crafted":{"biomesoplenty:jacaranda_planks":36,"terramity:cardboard":32,"minecraft:crafting_table":5,"minecraft:iron_sword":1,"minecraft:furnace":1,"minecraft:bread":33,"minecraft:air":0,"minecraft:shield":1,"minecraft:iron_axe":1,"minecraft:stick":44,"minecraft:iron_ingot":19,"minecraft:iron_pickaxe":2,"minecraft:stone_pickaxe":1,"minecraft:dark_oak_planks":12,"minecraft:torch":60,"minecraft:wheat":99},"minecraft:dropped":{"minecraft:iron_ingot":19,"minecraft:bread":5,"minecraft:iron_sword":1,"minecraft:sugar_cane":2,"minecraft:wheat_seeds":1,"minecraft:player_head":2,"minecraft:golden_helmet":2,"alexsmobs:animal_dictionary":1,"steam_powered:raw_zinc":1,"minecraft:rotten_flesh":1,"minecraft:oak_planks":1,"patchouli:guide_book":1,"minecraft:dirt":1,"supplementaries:ash":2,"minecraft:spruce_planks":22,"minecraft:yellow_bed":1,"minecraft:spruce_log":24,"minecraft:dark_oak_planks":4},"minecraft:used":{"minecraft:stone_pickaxe":97,"minecraft:iron_sword":36,"minecraft:player_head":1,"minecraft:rotten_flesh":11,"minecraft:torch":33,"minecraft:glow_berries":2,"minecraft:dirt":21,"minecraft:mutton":4,"minecraft:crafting_table":5,"minecraft:white_bed":2,"minecraft:iron_axe":82,"minecraft:chicken":1,"minecraft:bread":32,"biomesoplenty:jacaranda_log":1,"evilcraft:flesh_humanoid":1,"minecraft:cobblestone":1,"minecraft:beef":1,"supplementaries:ash":2,"minecraft:furnace":1,"minecraft:yellow_bed":5},"minecraft:killed_by":{"terramity:dungeon_sentry":4,"minecraft:creeper":1,"antlers:wendigo":1,"grimoireofgaia:yuki_onna":1},"minecraft:custom":{"minecraft:interact_with_furnace":7,"minecraft:mob_kills":6,"minecraft:interact_with_crafting_table":15,"vampirism:interact_with_research_table":1,"minecraft:leave_game":4,"minecraft:time_since_death":2079,"minecraft:sleep_in_bed":6,"minecraft:climb_one_cm":1098,"minecraft:waystone_activated":1,"minecraft:time_since_rest":2113,"minecraft:damage_taken":4528,"minecraft:sprint_one_cm":55396,"minecraft:walk_one_cm":200688,"minecraft:drop":29,"minecraft:damage_dealt":908,"minecraft:fly_one_cm":178172,"minecraft:open_chest":5,"minecraft:crouch_one_cm":17773,"minecraft:play_time":104639,"minecraft:deaths":9,"minecraft:sneak_time":4119,"minecraft:walk_under_water_one_cm":4282,"minecraft:jump":605,"minecraft:walk_on_water_one_cm":3750,"minecraft:total_world_time":104639,"minecraft:fall_one_cm":27810},"minecraft:mined":{"biomesoplenty:jacaranda_leaves":13,"minecraft:white_bed":2,"minecraft:glass_pane":1,"minecraft:player_wall_head":1,"minecraft:stripped_dark_oak_log":3,"antlers:bloody_fox":1,"minecraft:torch":1,"minecraft:grass_block":1,"minecraft:tall_grass":2,"vampirism:hunter_table":1,"minecraft:sugar_cane":2,"minecraft:oak_planks":1,"minecraft:wall_torch":2,"supplementaries:urn":2,"minecraft:hay_block":14,"biomesoplenty:jacaranda_log":13,"antlers:sheep_corpse":2,"minecraft:iron_ore":25,"minecraft:lilac":2,"minecraft:spruce_log":66,"antlers:bloody_pig":2,"minecraft:yellow_bed":5,"minecraft:grass":10,"minecraft:bookshelf":3,"minecraft:oak_log":7,"minecraft:coal_ore":40,"minecraft:dirt":1,"minecraft:stone":29,"minecraft:oak_leaves":1}},"DataVersion":3465}