{"stats":{"minecraft:used":{"minecraft:bread":10,"minecraft:stone_pickaxe":40,"biomesoplenty:jacaranda_log":1,"minecraft:torch":3,"minecraft:crafting_table":2,"minecraft:yellow_bed":1},"minecraft:custom":{"minecraft:time_since_rest":4839,"minecraft:waystone_activated":1,"minecraft:sprint_one_cm":15863,"minecraft:damage_taken":170,"minecraft:walk_one_cm":51403,"minecraft:drop":9,"minecraft:interact_with_crafting_table":5,"minecraft:fly_one_cm":32494,"vampirism:interact_with_research_table":1,"minecraft:open_chest":5,"minecraft:crouch_one_cm":5487,"minecraft:play_time":40772,"minecraft:sneak_time":1054,"minecraft:jump":132,"minecraft:time_since_death":40772,"minecraft:sleep_in_bed":2,"minecraft:total_world_time":40772,"minecraft:climb_one_cm":1098,"minecraft:fall_one_cm":4063},"minecraft:dropped":{"minecraft:bread":5,"minecraft:dark_oak_planks":4},"minecraft:crafted":{"biomesoplenty:jacaranda_planks":4,"minecraft:crafting_table":2,"minecraft:stick":8,"minecraft:stone_pickaxe":1,"minecraft:dark_oak_planks":12,"minecraft:torch":24,"minecraft:bread":30,"minecraft:wheat":90},"minecraft:mined":{"minecraft:hay_block":14,"biomesoplenty:jacaranda_log":3,"minecraft:lilac":1,"minecraft:stripped_dark_oak_log":3,"minecraft:yellow_bed":2,"minecraft:grass":3,"minecraft:bookshelf":3,"minecraft:grass_block":1,"minecraft:coal_ore":17,"minecraft:dirt":1,"minecraft:stone":22,"vampirism:hunter_table":1,"minecraft:wall_torch":2},"minecraft:picked_up":{"minecraft:book":9,"minecraft:torch":2,"minecraft:yellow_bed":2,"minecraft:dirt":2,"vampirism:hunter_table":1,"biomesoplenty:jacaranda_log":2,"minecraft:hay_block":11,"minecraft:coal":15,"minecraft:stripped_dark_oak_log":3,"minecraft:cobblestone":26}},"DataVersion":3465}