{"stats":{"minecraft:picked_up":{"minecraft:coarse_dirt":2,"minecraft:chicken":1,"minecraft:string":2,"minecraft:red_bed":2,"minecraft:iron_shovel":1,"minecraft:spruce_planks":22,"minecraft:beef":4,"minecraft:player_head":2,"minecraft:iron_nugget":3,"minecraft:light_gray_wool":1,"minecraft:sugar_cane":14,"minecraft:chest":1,"minecraft:golden_helmet":1,"minecraft:stick":28,"minecraft:raw_iron":26,"minecraft:torch":4,"grimoireofgaia:metal_club":1,"minecraft:porkchop":3,"vampirism:hunter_table":1,"minecraft:arrow":6,"minecraft:rotten_flesh":30,"biomesoplenty:jacaranda_log":11,"minecraft:hay_block":69,"minecraft:gold_ingot":2,"supplementaries:ash":4,"evilcraft:condensed_blood":4,"minecraft:glow_berries":1,"minecraft:mutton":15,"minecraft:iron_bars":1,"minecraft:cobblestone":39,"minecraft:white_wool":6,"minecraft:feather":3,"minecraft:cooked_beef":4,"minecraft:glow_ink_sac":3,"minecraft:brown_wool":1,"minecraft:leather":4,"minecraft:smoker":2,"biomesoplenty:fir_log":17,"biomesoplenty:fir_sapling":5,"minecraft:oak_log":16,"evilcraft:flesh_humanoid":4,"minecraft:yellow_bed":11,"minecraft:gunpowder":2,"minecraft:dirt":27,"minecraft:cooked_mutton":11,"minecraft:bone":3,"minecraft:acacia_planks":3,"minecraft:wheat_seeds":5,"minecraft:bell":1,"minecraft:iron_ingot":7,"terramity:shinobi_sash":1,"minecraft:iron_sword":2,"minecraft:oak_planks":33,"minecraft:polished_andesite_stairs":1,"minecraft:book":9,"biomesoplenty:toadstool":1,"minecraft:scaffolding":1,"minecraft:cooked_porkchop":9,"minecraft:pumpkin":10,"minecraft:sweet_berries":20,"patchouli:guide_book":1,"minecraft:spruce_sapling":15,"minecraft:blast_furnace":1,"minecraft:white_bed":2,"minecraft:spruce_log":74,"alexsmobs:animal_dictionary":1,"minecraft:dark_prismarine":3,"minecraft:polished_andesite":2,"minecraft:gray_wool":1,"minecraft:bread":5,"grimoireofgaia:fur":2,"minecraft:black_wool":1,"minecraft:stripped_dark_oak_log":3,"minecraft:coal":39,"minecraft:sunflower":1},"minecraft:broken":{"grimoireofgaia:metal_club":1},"minecraft:crafted":{"minecraft:oak_planks":52,"minecraft:furnace":1,"minecraft:iron_axe":2,"minecraft:stone_pickaxe":1,"quark:spruce_chest":2,"minecraft:dark_oak_planks":12,"minecraft:wheat":261,"biomesoplenty:jacaranda_planks":36,"terramity:cardboard":32,"minecraft:crafting_table":7,"minecraft:spruce_planks":32,"minecraft:iron_sword":1,"minecraft:bread":87,"minecraft:air":0,"minecraft:shield":1,"minecraft:stick":72,"minecraft:iron_ingot":19,"minecraft:iron_pickaxe":2,"minecraft:torch":80},"minecraft:used":{"minecraft:iron_sword":127,"minecraft:bell":2,"minecraft:player_head":1,"minecraft:rotten_flesh":25,"minecraft:torch":53,"minecraft:dirt":21,"minecraft:mutton":4,"quark:spruce_chest":2,"minecraft:iron_axe":196,"biomesoplenty:jacaranda_log":1,"evilcraft:flesh_humanoid":1,"minecraft:bow":2,"minecraft:beef":1,"minecraft:sweet_berries":33,"supplementaries:ash":2,"minecraft:furnace":1,"minecraft:acacia_planks":3,"minecraft:cooked_mutton":11,"minecraft:stone_pickaxe":97,"grimoireofgaia:metal_club":117,"minecraft:glow_berries":2,"minecraft:crafting_table":7,"minecraft:white_bed":2,"minecraft:smoker":2,"minecraft:oak_log":3,"minecraft:dark_prismarine":3,"minecraft:apple":1,"minecraft:chicken":1,"minecraft:bread":98,"minecraft:iron_pickaxe":17,"minecraft:cobblestone":1,"minecraft:cooked_porkchop":9,"minecraft:yellow_bed":11,"minecraft:coarse_dirt":2,"minecraft:splash_potion":1},"minecraft:dropped":{"minecraft:iron_ingot":23,"minecraft:bread":5,"minecraft:iron_sword":2,"minecraft:wheat_seeds":3,"minecraft:golden_helmet":2,"relics:infinity_ham":1,"minecraft:polished_andesite":2,"minecraft:stick":11,"minecraft:dirt":1,"minecraft:red_bed":1,"terramity:shinobi_sash":1,"minecraft:polished_andesite_stairs":1,"minecraft:iron_pickaxe":1,"minecraft:iron_shovel":1,"minecraft:dark_oak_planks":4,"minecraft:sugar_cane":2,"minecraft:player_head":2,"minecraft:iron_nugget":1,"alexsmobs:animal_dictionary":2,"steam_powered:raw_zinc":1,"minecraft:rotten_flesh":3,"minecraft:oak_planks":1,"evilcraft:flesh_humanoid":1,"patchouli:guide_book":2,"supplementaries:ash":2,"minecraft:spruce_planks":50,"minecraft:iron_chestplate":1,"minecraft:yellow_bed":1,"minecraft:spruce_log":24,"minecraft:scaffolding":1},"minecraft:mined":{"minecraft:dark_prismarine":3,"minecraft:white_bed":2,"antlers:bloody_fox":2,"minecraft:dark_oak_fence":1,"minecraft:grass_block":1,"vampirism:hunter_table":1,"minecraft:hay_block":74,"biomesoplenty:jacaranda_log":13,"biomesoplenty:toadstool":1,"minecraft:iron_ore":26,"minecraft:pumpkin":10,"minecraft:bell":1,"minecraft:bookshelf":3,"biomesoplenty:high_grass":6,"minecraft:iron_bars":1,"minecraft:stone":29,"biomesoplenty:jacaranda_leaves":13,"minecraft:scaffolding":1,"minecraft:glass_pane":1,"minecraft:red_bed":1,"minecraft:player_wall_head":1,"minecraft:smoker":4,"minecraft:stripped_dark_oak_log":3,"minecraft:torch":1,"minecraft:blast_furnace":1,"minecraft:polished_andesite_stairs":1,"minecraft:chest":1,"biomesoplenty:high_grass_plant":13,"minecraft:tall_grass":3,"minecraft:sugar_cane":6,"minecraft:oak_planks":1,"minecraft:wall_torch":3,"supplementaries:urn":2,"minecraft:coarse_dirt":6,"antlers:sheep_corpse":2,"minecraft:sweet_berry_bush":3,"minecraft:lilac":2,"minecraft:white_carpet":8,"minecraft:spruce_log":66,"minecraft:birch_leaves":2,"biomesoplenty:fir_log":17,"antlers:bloody_pig":4,"minecraft:yellow_bed":10,"minecraft:grass":39,"minecraft:oak_log":21,"minecraft:coal_ore":40,"biomesoplenty:fir_leaves":1,"biomesoplenty:redwood_leaves":1,"minecraft:sunflower":1,"minecraft:dirt":1,"minecraft:acacia_planks":3,"minecraft:polished_andesite":2,"antlers:bloody_cow":2,"malum:runewood_log":34,"minecraft:oak_leaves":2,"minecraft:fern":16},"minecraft:custom":{"minecraft:mob_kills":32,"minecraft:interact_with_crafting_table":22,"minecraft:open_barrel":18,"minecraft:bell_ring":39,"minecraft:leave_game":5,"minecraft:time_since_death":16771,"minecraft:climb_one_cm":8572,"minecraft:sprint_one_cm":211956,"minecraft:walk_one_cm":514408,"minecraft:drop":51,"vampirism:interact_with_totem":7,"minecraft:talked_to_villager":1,"minecraft:play_time":217706,"minecraft:deaths":20,"minecraft:sneak_time":8230,"minecraft:walk_under_water_one_cm":10026,"minecraft:interact_with_brewingstand":1,"minecraft:jump":1841,"minecraft:interact_with_blast_furnace":1,"minecraft:walk_on_water_one_cm":7397,"minecraft:total_world_time":217706,"minecraft:interact_with_furnace":10,"vampirism:interact_with_research_table":1,"minecraft:sleep_in_bed":14,"minecraft:time_since_rest":12247,"minecraft:waystone_activated":2,"minecraft:damage_taken":11268,"minecraft:damage_dealt":6985,"minecraft:player_kills":1,"minecraft:swim_one_cm":1939,"minecraft:fly_one_cm":844736,"minecraft:open_chest":52,"minecraft:crouch_one_cm":33457,"minecraft:interact_with_smoker":8,"minecraft:fall_one_cm":81218},"minecraft:killed_by":{"minecraft:player":2,"minecraft:creeper":1,"grimoireofgaia:yuki_onna":2,"terramity:dungeon_sentry":4,"grimoireofgaia:kobold":2,"grimoireofgaia:dullahan":1,"antlers:wendigo":3,"grimoireofgaia:nine_tails":1,"grimoireofgaia:oni":1},"minecraft:killed":{"minecraft:spider":1,"alexsmobs:seagull":1,"minecraft:skeleton":2,"minecraft:chicken":1,"realmrpg_demons:chort":1,"minecraft:pig":1,"minecraft:creeper":2,"grimoireofgaia:oni":2,"minecraft:sheep":10,"minecraft:pillager":2,"minecraft:zombie":4,"grimoireofgaia:kobold":2,"monsterplus:overgrown_skeleton":1,"minecraft:cow":2}},"DataVersion":3465}