{"stats":{"minecraft:killed":{"alexsmobs:seagull":1,"minecraft:skeleton":1,"minecraft:chicken":1,"realmrpg_demons:chort":1,"minecraft:pig":1,"minecraft:creeper":1,"grimoireofgaia:oni":2,"minecraft:sheep":10,"minecraft:pillager":2,"minecraft:zombie":2,"monsterplus:overgrown_skeleton":1,"minecraft:cow":2},"minecraft:picked_up":{"minecraft:chicken":1,"minecraft:iron_shovel":1,"minecraft:spruce_planks":22,"minecraft:beef":4,"minecraft:player_head":2,"minecraft:iron_nugget":3,"minecraft:light_gray_wool":1,"minecraft:sugar_cane":14,"minecraft:chest":1,"minecraft:golden_helmet":1,"minecraft:raw_iron":26,"minecraft:stick":17,"minecraft:torch":3,"grimoireofgaia:metal_club":1,"minecraft:porkchop":3,"vampirism:hunter_table":1,"minecraft:arrow":4,"minecraft:rotten_flesh":28,"biomesoplenty:jacaranda_log":11,"minecraft:hay_block":47,"minecraft:gold_ingot":2,"evilcraft:condensed_blood":4,"supplementaries:ash":4,"minecraft:glow_berries":1,"minecraft:mutton":15,"minecraft:white_wool":6,"minecraft:cobblestone":39,"minecraft:feather":3,"minecraft:glow_ink_sac":3,"minecraft:brown_wool":1,"minecraft:leather":4,"minecraft:smoker":2,"biomesoplenty:fir_sapling":5,"biomesoplenty:fir_log":17,"minecraft:oak_log":16,"evilcraft:flesh_humanoid":3,"minecraft:yellow_bed":8,"minecraft:gunpowder":2,"minecraft:dirt":27,"minecraft:bone":3,"minecraft:wheat_seeds":3,"minecraft:bell":1,"minecraft:iron_ingot":7,"minecraft:oak_planks":1,"minecraft:iron_sword":1,"minecraft:scaffolding":1,"biomesoplenty:toadstool":1,"minecraft:book":9,"minecraft:cooked_porkchop":9,"minecraft:pumpkin":10,"minecraft:sweet_berries":20,"patchouli:guide_book":1,"minecraft:spruce_sapling":15,"minecraft:white_bed":2,"minecraft:spruce_log":74,"alexsmobs:animal_dictionary":1,"minecraft:gray_wool":1,"minecraft:bread":5,"minecraft:black_wool":1,"minecraft:stripped_dark_oak_log":3,"minecraft:coal":39,"minecraft:sunflower":1},"minecraft:crafted":{"minecraft:oak_planks":12,"minecraft:furnace":1,"minecraft:iron_axe":2,"minecraft:stone_pickaxe":1,"minecraft:dark_oak_planks":12,"minecraft:wheat":99,"biomesoplenty:jacaranda_planks":36,"terramity:cardboard":32,"minecraft:crafting_table":5,"minecraft:iron_sword":1,"minecraft:bread":33,"minecraft:air":0,"minecraft:shield":1,"minecraft:stick":72,"minecraft:iron_ingot":19,"minecraft:iron_pickaxe":2,"minecraft:torch":80},"minecraft:dropped":{"minecraft:iron_ingot":23,"minecraft:bread":5,"minecraft:iron_sword":1,"minecraft:wheat_seeds":2,"minecraft:golden_helmet":2,"relics:infinity_ham":1,"minecraft:dirt":1,"minecraft:iron_pickaxe":1,"minecraft:iron_shovel":1,"minecraft:dark_oak_planks":4,"minecraft:sugar_cane":2,"minecraft:player_head":2,"alexsmobs:animal_dictionary":2,"steam_powered:raw_zinc":1,"minecraft:rotten_flesh":1,"minecraft:oak_planks":1,"evilcraft:flesh_humanoid":1,"patchouli:guide_book":2,"supplementaries:ash":2,"minecraft:spruce_planks":42,"minecraft:iron_chestplate":1,"minecraft:yellow_bed":1,"minecraft:spruce_log":24,"minecraft:scaffolding":1},"minecraft:used":{"minecraft:iron_sword":59,"minecraft:bell":2,"minecraft:player_head":1,"minecraft:rotten_flesh":25,"minecraft:torch":37,"minecraft:dirt":21,"minecraft:mutton":4,"minecraft:iron_axe":157,"biomesoplenty:jacaranda_log":1,"evilcraft:flesh_humanoid":1,"minecraft:beef":1,"minecraft:sweet_berries":33,"supplementaries:ash":2,"minecraft:furnace":1,"minecraft:stone_pickaxe":97,"grimoireofgaia:metal_club":114,"minecraft:glow_berries":2,"minecraft:crafting_table":5,"minecraft:white_bed":2,"minecraft:oak_log":3,"minecraft:apple":1,"minecraft:chicken":1,"minecraft:bread":46,"minecraft:iron_pickaxe":5,"minecraft:cobblestone":1,"minecraft:yellow_bed":7},"minecraft:killed_by":{"minecraft:player":1,"minecraft:creeper":1,"grimoireofgaia:yuki_onna":2,"terramity:dungeon_sentry":4,"antlers:wendigo":1,"grimoireofgaia:nine_tails":1,"grimoireofgaia:oni":1},"minecraft:custom":{"minecraft:mob_kills":25,"minecraft:interact_with_crafting_table":17,"minecraft:open_barrel":16,"minecraft:bell_ring":39,"minecraft:leave_game":4,"minecraft:time_since_death":5337,"minecraft:climb_one_cm":2246,"minecraft:sprint_one_cm":103468,"minecraft:walk_one_cm":333466,"minecraft:drop":40,"minecraft:talked_to_villager":1,"minecraft:play_time":140639,"minecraft:deaths":13,"minecraft:sneak_time":4766,"minecraft:walk_under_water_one_cm":6660,"minecraft:jump":994,"minecraft:walk_on_water_one_cm":4341,"minecraft:total_world_time":140639,"minecraft:interact_with_furnace":7,"vampirism:interact_with_research_table":1,"minecraft:sleep_in_bed":10,"minecraft:time_since_rest":4043,"minecraft:waystone_activated":1,"minecraft:damage_taken":6545,"minecraft:damage_dealt":4838,"minecraft:fly_one_cm":319609,"minecraft:open_chest":22,"minecraft:crouch_one_cm":19583,"minecraft:interact_with_smoker":1,"minecraft:fall_one_cm":36310},"minecraft:mined":{"minecraft:white_bed":2,"antlers:bloody_fox":2,"minecraft:dark_oak_fence":1,"minecraft:grass_block":1,"vampirism:hunter_table":1,"minecraft:hay_block":51,"biomesoplenty:jacaranda_log":13,"biomesoplenty:toadstool":1,"minecraft:iron_ore":26,"minecraft:pumpkin":10,"minecraft:bell":1,"minecraft:bookshelf":3,"biomesoplenty:high_grass":6,"minecraft:stone":29,"biomesoplenty:jacaranda_leaves":13,"minecraft:scaffolding":1,"minecraft:glass_pane":1,"minecraft:player_wall_head":1,"minecraft:smoker":2,"minecraft:stripped_dark_oak_log":3,"minecraft:torch":1,"minecraft:chest":1,"biomesoplenty:high_grass_plant":13,"minecraft:tall_grass":2,"minecraft:oak_planks":1,"minecraft:sugar_cane":6,"minecraft:wall_torch":2,"supplementaries:urn":2,"antlers:sheep_corpse":2,"minecraft:sweet_berry_bush":3,"minecraft:lilac":2,"minecraft:spruce_log":66,"minecraft:yellow_bed":7,"biomesoplenty:fir_log":17,"antlers:bloody_pig":4,"minecraft:grass":30,"minecraft:coal_ore":40,"minecraft:oak_log":21,"minecraft:sunflower":1,"minecraft:dirt":1,"antlers:bloody_cow":2,"minecraft:oak_leaves":2,"minecraft:fern":12}},"DataVersion":3465}