{"stats":{"minecraft:used":{"minecraft:bread":32,"minecraft:stone_pickaxe":97,"minecraft:iron_sword":2,"biomesoplenty:jacaranda_log":1,"minecraft:torch":32,"minecraft:dirt":10,"supplementaries:ash":2,"minecraft:crafting_table":4,"minecraft:furnace":1,"minecraft:white_bed":1,"minecraft:yellow_bed":3},"minecraft:custom":{"minecraft:time_since_rest":7824,"minecraft:waystone_activated":1,"minecraft:interact_with_furnace":7,"minecraft:sprint_one_cm":22057,"minecraft:damage_taken":1509,"minecraft:walk_one_cm":83171,"minecraft:drop":15,"minecraft:interact_with_crafting_table":13,"minecraft:fly_one_cm":99447,"vampirism:interact_with_research_table":1,"minecraft:open_chest":5,"minecraft:crouch_one_cm":13464,"minecraft:play_time":64772,"minecraft:deaths":1,"minecraft:sneak_time":3274,"minecraft:walk_under_water_one_cm":1230,"minecraft:jump":248,"minecraft:walk_on_water_one_cm":2073,"minecraft:time_since_death":10797,"minecraft:sleep_in_bed":3,"minecraft:total_world_time":64772,"minecraft:climb_one_cm":1098,"minecraft:fall_one_cm":13975},"minecraft:dropped":{"minecraft:bread":5,"supplementaries:ash":2,"minecraft:golden_helmet":2,"steam_powered:raw_zinc":1,"minecraft:oak_planks":1,"minecraft:dark_oak_planks":4,"minecraft:dirt":1},"minecraft:crafted":{"biomesoplenty:jacaranda_planks":36,"minecraft:shield":1,"minecraft:iron_axe":1,"terramity:cardboard":32,"minecraft:crafting_table":4,"minecraft:stick":40,"minecraft:iron_pickaxe":1,"minecraft:iron_ingot":19,"minecraft:stone_pickaxe":1,"minecraft:iron_sword":1,"minecraft:furnace":1,"minecraft:dark_oak_planks":12,"minecraft:torch":60,"minecraft:air":0,"minecraft:bread":33,"minecraft:wheat":99},"minecraft:mined":{"supplementaries:urn":2,"biomesoplenty:jacaranda_leaves":12,"minecraft:hay_block":14,"biomesoplenty:jacaranda_log":13,"minecraft:white_bed":1,"minecraft:glass_pane":1,"minecraft:iron_ore":25,"minecraft:lilac":1,"minecraft:stripped_dark_oak_log":3,"minecraft:torch":1,"minecraft:yellow_bed":4,"minecraft:grass":3,"minecraft:bookshelf":3,"minecraft:grass_block":1,"minecraft:coal_ore":40,"minecraft:dirt":1,"minecraft:oak_planks":1,"minecraft:stone":29,"vampirism:hunter_table":1,"minecraft:wall_torch":2},"minecraft:picked_up":{"minecraft:book":9,"minecraft:raw_iron":25,"minecraft:glow_ink_sac":3,"minecraft:torch":3,"evilcraft:flesh_humanoid":1,"minecraft:white_bed":1,"minecraft:yellow_bed":4,"minecraft:dirt":11,"vampirism:hunter_table":1,"biomesoplenty:jacaranda_log":11,"minecraft:hay_block":11,"supplementaries:ash":4,"minecraft:oak_planks":1,"minecraft:coal":39,"minecraft:stripped_dark_oak_log":3,"minecraft:cobblestone":32,"minecraft:golden_helmet":1},"minecraft:killed_by":{"antlers:wendigo":1}},"DataVersion":3465}