{"stats":{"minecraft:used":{"minecraft:stone_pickaxe":97,"minecraft:iron_sword":18,"minecraft:player_head":1,"minecraft:torch":33,"minecraft:glow_berries":2,"minecraft:dirt":12,"minecraft:mutton":4,"minecraft:crafting_table":4,"minecraft:white_bed":1,"minecraft:chicken":1,"minecraft:bread":32,"biomesoplenty:jacaranda_log":1,"minecraft:cobblestone":1,"supplementaries:ash":2,"minecraft:furnace":1,"minecraft:yellow_bed":4},"minecraft:custom":{"minecraft:interact_with_furnace":7,"minecraft:mob_kills":5,"minecraft:interact_with_crafting_table":13,"vampirism:interact_with_research_table":1,"minecraft:time_since_death":2616,"minecraft:sleep_in_bed":5,"minecraft:climb_one_cm":1098,"minecraft:time_since_rest":2646,"minecraft:waystone_activated":1,"minecraft:sprint_one_cm":30180,"minecraft:damage_taken":2149,"minecraft:walk_one_cm":122353,"minecraft:drop":15,"minecraft:damage_dealt":475,"minecraft:fly_one_cm":128693,"minecraft:open_chest":5,"minecraft:crouch_one_cm":15265,"minecraft:play_time":76772,"minecraft:deaths":3,"minecraft:sneak_time":3600,"minecraft:walk_under_water_one_cm":1230,"minecraft:jump":414,"minecraft:walk_on_water_one_cm":2073,"minecraft:total_world_time":76772,"minecraft:fall_one_cm":22522},"minecraft:killed":{"minecraft:sheep":3,"minecraft:chicken":1,"monsterplus:overgrown_skeleton":1},"minecraft:dropped":{"minecraft:bread":5,"minecraft:golden_helmet":2,"steam_powered:raw_zinc":1,"minecraft:oak_planks":1,"minecraft:dirt":1,"supplementaries:ash":2,"minecraft:dark_oak_planks":4},"minecraft:crafted":{"biomesoplenty:jacaranda_planks":36,"terramity:cardboard":32,"minecraft:crafting_table":4,"minecraft:iron_sword":1,"minecraft:furnace":1,"minecraft:bread":33,"minecraft:air":0,"minecraft:shield":1,"minecraft:iron_axe":1,"minecraft:stick":40,"minecraft:iron_ingot":19,"minecraft:iron_pickaxe":1,"minecraft:stone_pickaxe":1,"minecraft:dark_oak_planks":12,"minecraft:torch":60,"minecraft:wheat":99},"minecraft:mined":{"biomesoplenty:jacaranda_leaves":13,"minecraft:white_bed":1,"minecraft:glass_pane":1,"minecraft:player_wall_head":1,"minecraft:stripped_dark_oak_log":3,"minecraft:torch":1,"minecraft:grass_block":1,"vampirism:hunter_table":1,"minecraft:oak_planks":1,"minecraft:wall_torch":2,"supplementaries:urn":2,"minecraft:hay_block":14,"biomesoplenty:jacaranda_log":13,"minecraft:iron_ore":25,"minecraft:lilac":1,"minecraft:yellow_bed":5,"minecraft:grass":8,"minecraft:bookshelf":3,"minecraft:coal_ore":40,"minecraft:dirt":1,"minecraft:stone":29},"minecraft:picked_up":{"minecraft:feather":1,"minecraft:chicken":1,"minecraft:glow_ink_sac":3,"minecraft:brown_wool":1,"evilcraft:flesh_humanoid":1,"minecraft:yellow_bed":5,"minecraft:dirt":13,"minecraft:bone":1,"minecraft:player_head":1,"minecraft:oak_planks":1,"minecraft:book":9,"minecraft:golden_helmet":1,"minecraft:raw_iron":25,"minecraft:torch":3,"minecraft:white_bed":1,"vampirism:hunter_table":1,"minecraft:arrow":1,"biomesoplenty:jacaranda_log":11,"minecraft:hay_block":11,"supplementaries:ash":4,"minecraft:glow_berries":1,"minecraft:mutton":4,"minecraft:stripped_dark_oak_log":3,"minecraft:coal":39,"minecraft:white_wool":2,"minecraft:cobblestone":32},"minecraft:killed_by":{"antlers:wendigo":1}},"DataVersion":3465}