{"stats":{"minecraft:used":{"minecraft:bread":20,"minecraft:stone_pickaxe":96,"biomesoplenty:jacaranda_log":1,"minecraft:torch":32,"minecraft:crafting_table":3,"minecraft:yellow_bed":1},"minecraft:custom":{"minecraft:time_since_rest":16839,"minecraft:waystone_activated":1,"minecraft:sprint_one_cm":20935,"minecraft:damage_taken":499,"minecraft:walk_one_cm":69771,"minecraft:drop":9,"minecraft:interact_with_crafting_table":5,"minecraft:fly_one_cm":62923,"vampirism:interact_with_research_table":1,"minecraft:open_chest":5,"minecraft:crouch_one_cm":10629,"minecraft:play_time":52772,"minecraft:sneak_time":2561,"minecraft:walk_under_water_one_cm":1230,"minecraft:jump":199,"minecraft:walk_on_water_one_cm":2073,"minecraft:time_since_death":52772,"minecraft:sleep_in_bed":2,"minecraft:total_world_time":52772,"minecraft:climb_one_cm":1098,"minecraft:fall_one_cm":6779},"minecraft:dropped":{"minecraft:bread":5,"minecraft:dark_oak_planks":4},"minecraft:crafted":{"biomesoplenty:jacaranda_planks":24,"terramity:cardboard":32,"minecraft:crafting_table":3,"minecraft:stick":16,"minecraft:stone_pickaxe":1,"minecraft:dark_oak_planks":12,"minecraft:torch":60,"minecraft:bread":30,"minecraft:wheat":90},"minecraft:mined":{"supplementaries:urn":2,"biomesoplenty:jacaranda_leaves":6,"minecraft:hay_block":14,"biomesoplenty:jacaranda_log":11,"minecraft:iron_ore":25,"minecraft:lilac":1,"minecraft:stripped_dark_oak_log":3,"minecraft:yellow_bed":2,"minecraft:grass":3,"minecraft:bookshelf":3,"minecraft:grass_block":1,"minecraft:coal_ore":40,"minecraft:dirt":1,"minecraft:stone":29,"vampirism:hunter_table":1,"minecraft:wall_torch":2},"minecraft:picked_up":{"minecraft:book":9,"minecraft:raw_iron":25,"minecraft:glow_ink_sac":3,"minecraft:torch":3,"evilcraft:flesh_humanoid":1,"minecraft:yellow_bed":2,"minecraft:dirt":11,"vampirism:hunter_table":1,"biomesoplenty:jacaranda_log":9,"minecraft:hay_block":11,"supplementaries:ash":2,"minecraft:coal":39,"minecraft:stripped_dark_oak_log":3,"minecraft:cobblestone":32}},"DataVersion":3465}