{"stats":{"minecraft:killed":{"minecraft:sheep":3,"minecraft:chicken":1,"monsterplus:overgrown_skeleton":1},"minecraft:picked_up":{"minecraft:feather":1,"minecraft:chicken":1,"minecraft:glow_ink_sac":3,"minecraft:brown_wool":1,"evilcraft:flesh_humanoid":2,"minecraft:yellow_bed":5,"minecraft:dirt":27,"minecraft:bone":1,"minecraft:player_head":1,"minecraft:oak_planks":1,"minecraft:book":9,"minecraft:golden_helmet":1,"minecraft:stick":4,"minecraft:raw_iron":25,"minecraft:torch":3,"minecraft:spruce_sapling":11,"minecraft:spruce_log":41,"minecraft:white_bed":1,"vampirism:hunter_table":1,"minecraft:arrow":1,"minecraft:rotten_flesh":6,"biomesoplenty:jacaranda_log":11,"minecraft:hay_block":11,"supplementaries:ash":4,"minecraft:mutton":4,"minecraft:glow_berries":1,"minecraft:stripped_dark_oak_log":3,"minecraft:coal":39,"minecraft:cobblestone":39,"minecraft:white_wool":2},"minecraft:crafted":{"biomesoplenty:jacaranda_planks":36,"terramity:cardboard":32,"minecraft:crafting_table":4,"minecraft:iron_sword":1,"minecraft:furnace":1,"minecraft:bread":33,"minecraft:air":0,"minecraft:shield":1,"minecraft:iron_axe":1,"minecraft:stick":44,"minecraft:iron_ingot":19,"minecraft:iron_pickaxe":1,"minecraft:stone_pickaxe":1,"minecraft:dark_oak_planks":12,"minecraft:torch":60,"minecraft:wheat":99},"minecraft:dropped":{"minecraft:bread":5,"minecraft:golden_helmet":2,"steam_powered:raw_zinc":1,"minecraft:rotten_flesh":1,"minecraft:oak_planks":1,"minecraft:dirt":1,"supplementaries:ash":2,"minecraft:dark_oak_planks":4},"minecraft:used":{"minecraft:stone_pickaxe":97,"minecraft:iron_sword":21,"minecraft:player_head":1,"minecraft:rotten_flesh":1,"minecraft:torch":33,"minecraft:glow_berries":2,"minecraft:dirt":12,"minecraft:mutton":4,"minecraft:crafting_table":4,"minecraft:white_bed":1,"minecraft:iron_axe":46,"minecraft:chicken":1,"minecraft:bread":32,"biomesoplenty:jacaranda_log":1,"evilcraft:flesh_humanoid":1,"minecraft:cobblestone":1,"supplementaries:ash":2,"minecraft:furnace":1,"minecraft:yellow_bed":4},"minecraft:killed_by":{"minecraft:creeper":1,"antlers:wendigo":1},"minecraft:custom":{"minecraft:interact_with_furnace":7,"minecraft:mob_kills":5,"minecraft:interact_with_crafting_table":13,"vampirism:interact_with_research_table":1,"minecraft:leave_game":4,"minecraft:time_since_death":5680,"minecraft:sleep_in_bed":5,"minecraft:climb_one_cm":1098,"minecraft:waystone_activated":1,"minecraft:time_since_rest":5715,"minecraft:damage_taken":2956,"minecraft:sprint_one_cm":39975,"minecraft:walk_one_cm":143269,"minecraft:drop":16,"minecraft:damage_dealt":475,"minecraft:fly_one_cm":154212,"minecraft:open_chest":5,"minecraft:crouch_one_cm":15377,"minecraft:play_time":92639,"minecraft:deaths":4,"minecraft:sneak_time":3636,"minecraft:walk_under_water_one_cm":1230,"minecraft:jump":501,"minecraft:walk_on_water_one_cm":2073,"minecraft:total_world_time":92639,"minecraft:fall_one_cm":26409},"minecraft:mined":{"biomesoplenty:jacaranda_leaves":13,"minecraft:white_bed":1,"minecraft:glass_pane":1,"minecraft:player_wall_head":1,"minecraft:stripped_dark_oak_log":3,"minecraft:torch":1,"minecraft:grass_block":1,"minecraft:tall_grass":2,"vampirism:hunter_table":1,"minecraft:oak_planks":1,"minecraft:wall_torch":2,"supplementaries:urn":2,"minecraft:hay_block":14,"biomesoplenty:jacaranda_log":13,"antlers:sheep_corpse":1,"minecraft:iron_ore":25,"minecraft:lilac":1,"minecraft:spruce_log":41,"minecraft:yellow_bed":5,"minecraft:grass":9,"minecraft:bookshelf":3,"minecraft:coal_ore":40,"minecraft:dirt":1,"minecraft:stone":29}},"DataVersion":3465}