{"stats":{"minecraft:used":{"minecraft:bread":1,"minecraft:iron_pickaxe":66,"minecraft:cobblestone":7,"minecraft:crafting_table":1,"minecraft:yellow_bed":1,"alexsmobs:animal_dictionary":1},"minecraft:custom":{"minecraft:time_since_rest":4839,"minecraft:damage_taken":30,"minecraft:walk_one_cm":28853,"minecraft:drop":1,"minecraft:interact_with_crafting_table":2,"minecraft:fly_one_cm":107,"minecraft:open_chest":2,"minecraft:play_time":41058,"minecraft:sneak_time":13,"minecraft:jump":60,"minecraft:time_since_death":41058,"minecraft:sleep_in_bed":1,"minecraft:total_world_time":41058,"minecraft:fall_one_cm":2607},"minecraft:dropped":{"minecraft:cobblestone":7},"minecraft:crafted":{"biomesoplenty:jacaranda_planks":16,"minecraft:crafting_table":1,"minecraft:stick":4,"minecraft:iron_pickaxe":1},"minecraft:mined":{"biomesoplenty:jacaranda_log":4,"vampirism:med_chair":1,"minecraft:andesite":5,"minecraft:yellow_bed":2,"minecraft:grass":1,"minecraft:coal_ore":20,"minecraft:dirt_path":2,"minecraft:gravel":13,"minecraft:cobblestone":8,"minecraft:stone":36},"minecraft:picked_up":{"vampirism:med_chair":1,"minecraft:lilac":1,"minecraft:andesite":5,"minecraft:gravel":12,"minecraft:flint":1,"minecraft:yellow_bed":2,"minecraft:dirt":2,"minecraft:dark_oak_planks":4,"biomesoplenty:jacaranda_log":4,"minecraft:wheat_seeds":1,"minecraft:hay_block":2,"minecraft:bread":5,"minecraft:coal":14,"minecraft:cobblestone":46}},"DataVersion":3465}