{"stats":{"minecraft:used":{"minecraft:bread":1,"minecraft:iron_pickaxe":250,"minecraft:torch":2,"minecraft:dirt":4,"minecraft:cobblestone":10,"minecraft:crafting_table":1,"quark:oak_chest":1,"minecraft:yellow_bed":1,"alexsmobs:animal_dictionary":1,"minecraft:oak_fence_gate":1},"minecraft:custom":{"minecraft:time_since_rest":8372,"minecraft:waystone_activated":1,"minecraft:interact_with_furnace":1,"minecraft:sprint_one_cm":24548,"minecraft:damage_taken":4320,"minecraft:walk_one_cm":125115,"minecraft:mob_kills":1,"minecraft:drop":1,"minecraft:damage_dealt":381,"minecraft:interact_with_crafting_table":5,"minecraft:fly_one_cm":12354,"minecraft:open_chest":7,"minecraft:crouch_one_cm":342,"minecraft:play_time":82463,"minecraft:deaths":13,"minecraft:walk_under_water_one_cm":18669,"minecraft:sneak_time":202,"minecraft:jump":482,"minecraft:walk_on_water_one_cm":32,"minecraft:time_since_death":8335,"minecraft:sleep_in_bed":3,"minecraft:climb_one_cm":993,"minecraft:total_world_time":82463,"minecraft:fall_one_cm":21924},"minecraft:killed":{"minecraft:cow":1},"minecraft:dropped":{"minecraft:cobblestone":7},"minecraft:crafted":{"biomesoplenty:jacaranda_planks":16,"minecraft:crafting_table":1,"minecraft:stick":4,"minecraft:stone_pickaxe":1,"minecraft:iron_pickaxe":1},"minecraft:mined":{"biomesoplenty:jacaranda_leaves":5,"steam_powered:zinc_ore":1,"biomesoplenty:jacaranda_log":7,"minecraft:white_bed":1,"quark:oak_chest":1,"vampirism:med_chair":1,"minecraft:andesite":5,"minecraft:torch":1,"minecraft:yellow_bed":2,"minecraft:granite":13,"minecraft:grass":16,"biomesoplenty:bush":4,"minecraft:grass_block":6,"minecraft:coal_ore":20,"minecraft:oak_fence_gate":1,"minecraft:dirt_path":2,"minecraft:gravel":22,"minecraft:dirt":5,"minecraft:copper_ore":8,"minecraft:cobblestone":8,"minecraft:stone":185,"minecraft:diorite":18,"minecraft:oak_leaves":1},"minecraft:picked_up":{"minecraft:golden_helmet":1,"vampirism:med_chair":1,"minecraft:lilac":1,"minecraft:andesite":5,"minecraft:leather":2,"minecraft:torch":2,"minecraft:gravel":20,"minecraft:flint":2,"minecraft:white_bed":1,"minecraft:diorite":18,"minecraft:yellow_bed":2,"quark:oak_chest":1,"minecraft:dirt":11,"minecraft:paper":3,"minecraft:raw_copper":14,"minecraft:dark_oak_planks":4,"biomesoplenty:jacaranda_log":5,"minecraft:wheat_seeds":2,"minecraft:oak_fence_gate":1,"minecraft:beef":2,"minecraft:hay_block":2,"minecraft:granite":13,"steam_powered:raw_zinc":1,"minecraft:bread":5,"minecraft:coal":14,"minecraft:cobblestone":195},"minecraft:broken":{"minecraft:iron_pickaxe":1},"minecraft:killed_by":{"minecraft:creeper":1,"minecraft:zombie":2,"antlers:wendigo":9}},"DataVersion":3465}