{"stats":{"minecraft:dropped":{"alexsmobs:animal_dictionary":1},"minecraft:picked_up":{"blue_skies:vitreous_moonstone":1,"minecraft:stick":2,"minecraft:bone":2,"minecraft:sugar":1,"blue_skies:horizofin_tunid":1,"thaumia:witch_hat_helmet":1},"minecraft:custom":{"minecraft:time_since_rest":8115,"minecraft:open_chest":1,"minecraft:play_time":8115,"minecraft:sprint_one_cm":15443,"minecraft:damage_taken":215,"minecraft:walk_one_cm":25832,"minecraft:walk_under_water_one_cm":1759,"minecraft:mob_kills":3,"minecraft:drop":1,"minecraft:jump":92,"minecraft:damage_dealt":590,"minecraft:leave_game":1,"minecraft:time_since_death":8115,"minecraft:walk_on_water_one_cm":1171,"minecraft:total_world_time":8115,"minecraft:swim_one_cm":3881,"minecraft:fall_one_cm":3215,"minecraft:fly_one_cm":11397},"minecraft:mined":{"blue_skies:vitreous_moonstone":1},"minecraft:killed":{"blue_skies:horizofin_tunid":1,"minecraft:witch":1,"blue_skies:crystal_camel":1},"minecraft:used":{"minecraft:cooked_mutton":2,"iceandfire:tide_trident":7,"minecraft:iron_pickaxe":1}},"DataVersion":3465}