{"stats":{"minecraft:used":{"minecraft:bread":1,"minecraft:iron_pickaxe":250,"minecraft:dirt":3,"minecraft:cobblestone":10,"minecraft:crafting_table":1,"quark:oak_chest":1,"minecraft:yellow_bed":1,"alexsmobs:animal_dictionary":1},"minecraft:custom":{"minecraft:time_since_rest":803,"minecraft:sprint_one_cm":10017,"minecraft:damage_taken":774,"minecraft:walk_one_cm":62372,"minecraft:drop":1,"minecraft:interact_with_crafting_table":4,"minecraft:fly_one_cm":2855,"minecraft:open_chest":6,"minecraft:play_time":53058,"minecraft:deaths":2,"minecraft:walk_under_water_one_cm":18669,"minecraft:sneak_time":13,"minecraft:jump":266,"minecraft:walk_on_water_one_cm":32,"minecraft:time_since_death":721,"minecraft:sleep_in_bed":1,"minecraft:total_world_time":53058,"minecraft:fall_one_cm":5983},"minecraft:dropped":{"minecraft:cobblestone":7},"minecraft:crafted":{"biomesoplenty:jacaranda_planks":16,"minecraft:crafting_table":1,"minecraft:stick":4,"minecraft:stone_pickaxe":1,"minecraft:iron_pickaxe":1},"minecraft:mined":{"steam_powered:zinc_ore":1,"biomesoplenty:jacaranda_log":7,"quark:oak_chest":1,"vampirism:med_chair":1,"minecraft:andesite":5,"minecraft:yellow_bed":2,"minecraft:granite":13,"minecraft:grass":6,"minecraft:grass_block":4,"minecraft:coal_ore":20,"minecraft:dirt_path":2,"minecraft:gravel":22,"minecraft:dirt":4,"minecraft:copper_ore":8,"minecraft:cobblestone":8,"minecraft:stone":185,"minecraft:diorite":18},"minecraft:picked_up":{"vampirism:med_chair":1,"minecraft:lilac":1,"minecraft:andesite":5,"minecraft:gravel":20,"minecraft:flint":2,"minecraft:diorite":18,"minecraft:yellow_bed":2,"quark:oak_chest":1,"minecraft:dirt":10,"minecraft:paper":3,"minecraft:raw_copper":14,"minecraft:dark_oak_planks":4,"biomesoplenty:jacaranda_log":5,"minecraft:wheat_seeds":1,"minecraft:hay_block":2,"minecraft:granite":13,"steam_powered:raw_zinc":1,"minecraft:bread":5,"minecraft:coal":14,"minecraft:cobblestone":195},"minecraft:broken":{"minecraft:iron_pickaxe":1},"minecraft:killed_by":{"antlers:wendigo":1}},"DataVersion":3465}