{
  "undead_revamp2:theundeadchallenges": {
    "criteria": {
      "theundeadchallenges": "2024-07-09 17:03:26 +0000"
    },
    "done": true
  },
  "thaumia:start": {
    "criteria": {
      "start_0": "2024-07-09 17:03:26 +0000"
    },
    "done": true
  },
  "iceandfire:iceandfire/root": {
    "criteria": {
      "tick": "2024-07-09 17:03:26 +0000"
    },
    "done": true
  },
  "thaumia:thaumia_start": {
    "criteria": {
      "thaumia_start_0": "2024-07-09 17:03:26 +0000"
    },
    "done": true
  },
  "cataclysm:root": {
    "criteria": {
      "custom_test_name": "2024-07-09 17:03:26 +0000"
    },
    "done": true
  },
  "minecraft:adventure/adventuring_time": {
    "criteria": {
      "minecraft:snowy_slopes": "2024-07-09 17:04:52 +0000",
      "minecraft:taiga": "2024-07-09 17:03:27 +0000",
      "minecraft:cherry_grove": "2024-07-09 17:04:58 +0000",
      "minecraft:stony_shore": "2024-07-09 17:04:04 +0000",
      "minecraft:grove": "2024-07-09 17:04:39 +0000",
      "minecraft:cold_ocean": "2024-07-09 17:04:20 +0000",
      "minecraft:forest": "2024-07-09 17:04:32 +0000",
      "minecraft:ocean": "2024-07-09 17:04:14 +0000",
      "minecraft:frozen_peaks": "2024-07-09 17:04:55 +0000",
      "minecraft:plains": "2024-07-09 17:04:50 +0000"
    },
    "done": false
  },
  "DataVersion": 3465
}