{
  "takesapillage:root": {
    "criteria": {
      "always": "2024-07-09 17:46:00 +0000"
    },
    "done": true
  },
  "undead_revamp2:theundeadchallenges": {
    "criteria": {
      "theundeadchallenges": "2024-07-09 17:46:00 +0000"
    },
    "done": true
  },
  "thaumia:start": {
    "criteria": {
      "start_0": "2024-07-09 17:46:00 +0000"
    },
    "done": true
  },
  "mowziesmobs:root": {
    "criteria": {
      "custom_test_name": "2024-07-09 17:46:00 +0000"
    },
    "done": true
  },
  "seadwellers:adv_root": {
    "criteria": {
      "adv_root": "2024-07-09 17:46:00 +0000"
    },
    "done": true
  },
  "the_dead_forest:the_dead_forests": {
    "criteria": {
      "the_dead_forests": "2024-07-09 17:46:00 +0000"
    },
    "done": true
  },
  "cataclysm:root": {
    "criteria": {
      "custom_test_name": "2024-07-09 17:46:00 +0000"
    },
    "done": true
  },
  "irons_spellbooks:grant_patchouli": {
    "criteria": {
      "tick": "2024-07-09 17:46:00 +0000"
    },
    "done": true
  },
  "iceandfire:iceandfire/root": {
    "criteria": {
      "tick": "2024-07-09 17:46:00 +0000"
    },
    "done": true
  },
  "iter_rpg:iter_root": {
    "criteria": {
      "iter_root_0": "2024-07-09 17:46:00 +0000"
    },
    "done": true
  },
  "realmrpg_quests:root": {
    "criteria": {
      "root_0": "2024-07-09 17:46:00 +0000"
    },
    "done": true
  },
  "thaumia:thaumia_start": {
    "criteria": {
      "thaumia_start_0": "2024-07-09 17:46:00 +0000"
    },
    "done": true
  },
  "minecraft:adventure/adventuring_time": {
    "criteria": {
      "minecraft:snowy_slopes": "2024-07-09 18:10:04 +0000",
      "minecraft:cherry_grove": "2024-07-09 17:46:29 +0000",
      "minecraft:birch_forest": "2024-07-09 22:12:09 +0000",
      "minecraft:beach": "2024-07-09 22:15:38 +0000",
      "minecraft:sparse_jungle": "2024-07-09 21:06:01 +0000",
      "minecraft:river": "2024-07-09 22:03:55 +0000",
      "minecraft:stony_shore": "2024-07-09 18:16:52 +0000",
      "minecraft:dripstone_caves": "2024-07-09 21:40:46 +0000",
      "minecraft:forest": "2024-07-09 18:27:45 +0000",
      "minecraft:flower_forest": "2024-07-09 22:15:37 +0000",
      "minecraft:frozen_peaks": "2024-07-09 18:13:00 +0000",
      "minecraft:old_growth_birch_forest": "2024-07-09 22:12:25 +0000",
      "minecraft:savanna": "2024-07-09 22:18:23 +0000",
      "minecraft:plains": "2024-07-09 17:46:01 +0000"
    },
    "done": false
  },
  "minecraft:recipes/woodcutting/oak/oak_planks_from_oak_log_woodcutting": {
    "criteria": {
      "give_recipe": "2024-07-09 17:54:15 +0000"
    },
    "done": true
  },
  "minecraft:recipes/woodcutting/oak/stripped_oak_log_from_oak_log_woodcutting": {
    "criteria": {
      "give_recipe": "2024-07-09 17:54:15 +0000"
    },
    "done": true
  },
  "minecraft:recipes/woodcutting/oak/oak_pressure_plate_from_oak_planks_woodcutting": {
    "criteria": {
      "give_recipe": "2024-07-09 17:54:17 +0000"
    },
    "done": true
  },
  "minecraft:recipes/woodcutting/oak/chest_from_oak_planks_woodcutting": {
    "criteria": {
      "give_recipe": "2024-07-09 17:54:17 +0000"
    },
    "done": true
  },
  "minecraft:recipes/woodcutting/oak/oak_button_from_oak_planks_woodcutting": {
    "criteria": {
      "give_recipe": "2024-07-09 17:54:17 +0000"
    },
    "done": true
  },
  "minecraft:recipes/woodcutting/oak/oak_sign_from_oak_planks_woodcutting": {
    "criteria": {
      "give_recipe": "2024-07-09 17:54:17 +0000"
    },
    "done": true
  },
  "minecraft:recipes/woodcutting/oak/oak_slab_from_oak_planks_woodcutting": {
    "criteria": {
      "give_recipe": "2024-07-09 17:54:17 +0000"
    },
    "done": true
  },
  "minecraft:recipes/woodcutting/oak/oak_trapdoor_from_oak_planks_woodcutting": {
    "criteria": {
      "give_recipe": "2024-07-09 17:54:17 +0000"
    },
    "done": true
  },
  "minecraft:recipes/woodcutting/oak/oak_door_from_oak_planks_woodcutting": {
    "criteria": {
      "give_recipe": "2024-07-09 17:54:17 +0000"
    },
    "done": true
  },
  "minecraft:recipes/woodcutting/oak/barrel_from_oak_planks_woodcutting": {
    "criteria": {
      "give_recipe": "2024-07-09 17:54:17 +0000"
    },
    "done": true
  },
  "minecraft:recipes/woodcutting/oak/oak_fence_gate_from_oak_planks_woodcutting": {
    "criteria": {
      "give_recipe": "2024-07-09 17:54:17 +0000"
    },
    "done": true
  },
  "minecraft:recipes/woodcutting/oak/oak_stairs_from_oak_planks_woodcutting": {
    "criteria": {
      "give_recipe": "2024-07-09 17:54:17 +0000"
    },
    "done": true
  },
  "minecraft:recipes/woodcutting/oak/oak_fence_from_oak_planks_woodcutting": {
    "criteria": {
      "give_recipe": "2024-07-09 17:54:17 +0000"
    },
    "done": true
  },
  "minecraft:recipes/woodcutting/oak/oak_chest_boat_from_oak_planks_woodcutting": {
    "criteria": {
      "give_recipe": "2024-07-09 17:54:17 +0000"
    },
    "done": true
  },
  "minecraft:recipes/woodcutting/oak/crafting_table_from_oak_planks_woodcutting": {
    "criteria": {
      "give_recipe": "2024-07-09 17:54:17 +0000"
    },
    "done": true
  },
  "minecraft:recipes/woodcutting/oak/oak_boat_from_oak_planks_woodcutting": {
    "criteria": {
      "give_recipe": "2024-07-09 17:54:17 +0000"
    },
    "done": true
  },
  "dungeonnowloading:story/root": {
    "criteria": {
      "obtain_crafting_table": "2024-07-09 17:54:29 +0000"
    },
    "done": true
  },
  "minecraft:story/root": {
    "criteria": {
      "crafting_table": "2024-07-09 17:54:29 +0000"
    },
    "done": true
  },
  "minecraft:story/mine_stone": {
    "criteria": {
      "get_stone": "2024-07-09 18:10:03 +0000"
    },
    "done": true
  },
  "nova_structures:root": {
    "criteria": {
      "nova_structures:adventure/find_tavern": "2024-07-09 18:13:57 +0000"
    },
    "done": true
  },
  "nova_structures:adventure/find_tavern": {
    "criteria": {
      "nova_structures:tavern_oak": "2024-07-09 18:13:57 +0000"
    },
    "done": true
  },
  "nova_structures:adventure/tavern_quest": {
    "criteria": {
      "open_tavern_chest": "2024-07-09 18:14:42 +0000"
    },
    "done": true
  },
  "minecraft:husbandry/root": {
    "criteria": {
      "consumed_item": "2024-07-09 18:14:59 +0000"
    },
    "done": true
  },
  "minecraft:husbandry/balanced_diet": {
    "criteria": {
      "chicken": "2024-07-09 21:06:46 +0000",
      "apple": "2024-07-09 18:28:00 +0000",
      "pumpkin_pie": "2024-07-09 18:14:59 +0000",
      "bread": "2024-07-09 18:23:27 +0000",
      "rotten_flesh": "2024-07-09 21:03:31 +0000",
      "melon_slice": "2024-07-09 21:08:52 +0000"
    },
    "done": false
  },
  "minecraft:story/upgrade_tools": {
    "criteria": {
      "stone_pickaxe": "2024-07-09 18:18:54 +0000"
    },
    "done": true
  },
  "alexsmobs:alexsmobs/seagull_steal": {
    "criteria": {
      "ex": "2024-07-09 18:19:54 +0000"
    },
    "done": true
  },
  "minecraft:adventure/root": {
    "criteria": {
      "killed_by_something": "2024-07-09 18:20:06 +0000"
    },
    "done": true
  },
  "minecraft:adventure/kill_all_mobs": {
    "criteria": {
      "minecraft:pillager": "2024-07-09 21:03:05 +0000",
      "minecraft:skeleton": "2024-07-09 18:53:20 +0000",
      "minecraft:spider": "2024-07-09 18:20:48 +0000",
      "minecraft:phantom": "2024-07-09 18:40:48 +0000",
      "minecraft:zombie": "2024-07-09 18:21:09 +0000"
    },
    "done": false
  },
  "minecraft:adventure/kill_a_mob": {
    "criteria": {
      "minecraft:spider": "2024-07-09 18:20:48 +0000"
    },
    "done": true
  },
  "minecraft:adventure/sleep_in_bed": {
    "criteria": {
      "slept_in_bed": "2024-07-09 18:21:19 +0000"
    },
    "done": true
  },
  "alexsmobs:alexsmobs/root": {
    "criteria": {
      "useitem": "2024-07-09 18:28:15 +0000"
    },
    "done": true
  },
  "thaumia:corrupted_tree": {
    "criteria": {
      "corrupted_tree_0": "2024-07-09 18:29:31 +0000"
    },
    "done": true
  },
  "immersive_aircraft:misc/aircraftery": {
    "criteria": {
      "has_item": "2024-07-09 18:39:32 +0000"
    },
    "done": true
  },
  "minecraft:story/smelt_iron": {
    "criteria": {
      "iron": "2024-07-09 18:39:32 +0000"
    },
    "done": true
  },
  "minecraft:story/mine_diamond": {
    "criteria": {
      "diamond": "2024-07-09 18:39:33 +0000"
    },
    "done": true
  },
  "minecraft:story/obtain_armor": {
    "criteria": {
      "iron_chestplate": "2024-07-09 18:42:54 +0000"
    },
    "done": true
  },
  "minecraft:story/iron_tools": {
    "criteria": {
      "iron_pickaxe": "2024-07-09 18:43:14 +0000"
    },
    "done": true
  },
  "thaumia:fire_magic": {
    "criteria": {
      "fire_magic_0": "2024-07-09 18:45:15 +0000"
    },
    "done": true
  },
  "thaumia:air_magic": {
    "criteria": {
      "air_magic_0": "2024-07-09 18:45:49 +0000"
    },
    "done": true
  },
  "thaumia:earth_magic": {
    "criteria": {
      "earth_magic_0": "2024-07-09 18:45:51 +0000"
    },
    "done": true
  },
  "thaumia:chaotic_entropy": {
    "criteria": {
      "chaotic_entropy_0": "2024-07-09 18:45:55 +0000"
    },
    "done": true
  },
  "thaumia:water_magic": {
    "criteria": {
      "water_magic_0": "2024-07-09 18:46:15 +0000"
    },
    "done": true
  },
  "minecraft:story/deflect_arrow": {
    "criteria": {
      "deflected_projectile": "2024-07-09 18:49:01 +0000"
    },
    "done": true
  },
  "thaumia:deadly_sanity": {
    "criteria": {
      "deadly_sanity_0": "2024-07-09 19:08:26 +0000"
    },
    "done": true
  },
  "iceandfire:iceandfire/kill_troll": {
    "criteria": {
      "killed_fire_dragon": "2024-07-09 19:17:52 +0000"
    },
    "done": true
  },
  "thaumia:error_404_normality_not_found": {
    "criteria": {
      "error_404_normality_not_found_0": "2024-07-09 19:25:27 +0000"
    },
    "done": true
  },
  "undead_revamp2:nightnight": {
    "criteria": {
      "nightnight": "2024-07-09 19:26:26 +0000"
    },
    "done": true
  },
  "minecraft:recipes/woodcutting/mahogany/stripped_mahogany_log_from_mahogany_log_woodcutting": {
    "criteria": {
      "give_recipe": "2024-07-09 21:06:07 +0000"
    },
    "done": true
  },
  "minecraft:recipes/woodcutting/mahogany/mahogany_planks_from_mahogany_log_woodcutting": {
    "criteria": {
      "give_recipe": "2024-07-09 21:06:07 +0000"
    },
    "done": true
  },
  "minecraft:recipes/woodcutting/mahogany/polished_mahogany_pillar_from_mahogany_log_woodcutting": {
    "criteria": {
      "give_recipe": "2024-07-09 21:06:07 +0000"
    },
    "done": true
  },
  "minecraft:recipes/woodcutting/mahogany/polished_mahogany_connected_from_mahogany_log_woodcutting": {
    "criteria": {
      "give_recipe": "2024-07-09 21:06:07 +0000"
    },
    "done": true
  },
  "minecraft:recipes/woodcutting/mahogany/polished_mahogany_layered_from_mahogany_log_woodcutting": {
    "criteria": {
      "give_recipe": "2024-07-09 21:06:07 +0000"
    },
    "done": true
  },
  "minecraft:recipes/woodcutting/mahogany/polished_mahogany_planks_from_mahogany_log_woodcutting": {
    "criteria": {
      "give_recipe": "2024-07-09 21:06:07 +0000"
    },
    "done": true
  },
  "minecraft:recipes/woodcutting/mahogany/mahogany_connected_from_mahogany_log_woodcutting": {
    "criteria": {
      "give_recipe": "2024-07-09 21:06:07 +0000"
    },
    "done": true
  },
  "minecraft:story/form_obsidian": {
    "criteria": {
      "obsidian": "2024-07-09 21:10:29 +0000"
    },
    "done": true
  },
  "minecraft:nether/obtain_crying_obsidian": {
    "criteria": {
      "crying_obsidian": "2024-07-09 21:10:51 +0000"
    },
    "done": true
  },
  "minecraft:recipes/woodcutting/mahogany/polished_mahogany_trapdoor_from_mahogany_planks_woodcutting": {
    "criteria": {
      "give_recipe": "2024-07-09 21:12:30 +0000"
    },
    "done": true
  },
  "minecraft:recipes/woodcutting/mahogany/polished_mahogany_button_from_mahogany_planks_woodcutting": {
    "criteria": {
      "give_recipe": "2024-07-09 21:12:30 +0000"
    },
    "done": true
  },
  "minecraft:recipes/woodcutting/mahogany/barrel_from_mahogany_planks_woodcutting": {
    "criteria": {
      "give_recipe": "2024-07-09 21:12:30 +0000"
    },
    "done": true
  },
  "minecraft:recipes/woodcutting/mahogany/polished_mahogany_fence_gate_from_mahogany_planks_woodcutting": {
    "criteria": {
      "give_recipe": "2024-07-09 21:12:30 +0000"
    },
    "done": true
  },
  "minecraft:recipes/woodcutting/mahogany/mahogany_slab_from_mahogany_planks_woodcutting": {
    "criteria": {
      "give_recipe": "2024-07-09 21:12:30 +0000"
    },
    "done": true
  },
  "minecraft:recipes/woodcutting/mahogany/polished_mahogany_sign_from_mahogany_planks_woodcutting": {
    "criteria": {
      "give_recipe": "2024-07-09 21:12:30 +0000"
    },
    "done": true
  },
  "minecraft:recipes/woodcutting/mahogany/polished_mahogany_boat_from_mahogany_planks_woodcutting": {
    "criteria": {
      "give_recipe": "2024-07-09 21:12:30 +0000"
    },
    "done": true
  },
  "minecraft:recipes/woodcutting/mahogany/mahogany_sign_from_mahogany_planks_woodcutting": {
    "criteria": {
      "give_recipe": "2024-07-09 21:12:30 +0000"
    },
    "done": true
  },
  "minecraft:recipes/woodcutting/mahogany/mahogany_boat_from_mahogany_planks_woodcutting": {
    "criteria": {
      "give_recipe": "2024-07-09 21:12:30 +0000"
    },
    "done": true
  },
  "minecraft:recipes/woodcutting/mahogany/polished_mahogany_layered_from_mahogany_planks_woodcutting": {
    "criteria": {
      "give_recipe": "2024-07-09 21:12:30 +0000"
    },
    "done": true
  },
  "minecraft:recipes/woodcutting/mahogany/crafting_table_from_mahogany_planks_woodcutting": {
    "criteria": {
      "give_recipe": "2024-07-09 21:12:30 +0000"
    },
    "done": true
  },
  "minecraft:recipes/woodcutting/mahogany/polished_mahogany_chest_boat_from_mahogany_planks_woodcutting": {
    "criteria": {
      "give_recipe": "2024-07-09 21:12:30 +0000"
    },
    "done": true
  },
  "minecraft:recipes/woodcutting/mahogany/polished_mahogany_planks_from_mahogany_planks_woodcutting": {
    "criteria": {
      "give_recipe": "2024-07-09 21:12:30 +0000"
    },
    "done": true
  },
  "minecraft:recipes/woodcutting/mahogany/mahogany_trapdoor_from_mahogany_planks_woodcutting": {
    "criteria": {
      "give_recipe": "2024-07-09 21:12:30 +0000"
    },
    "done": true
  },
  "minecraft:recipes/woodcutting/mahogany/mahogany_chest_boat_from_mahogany_planks_woodcutting": {
    "criteria": {
      "give_recipe": "2024-07-09 21:12:30 +0000"
    },
    "done": true
  },
  "minecraft:recipes/woodcutting/mahogany/polished_mahogany_stairs_from_mahogany_planks_woodcutting": {
    "criteria": {
      "give_recipe": "2024-07-09 21:12:30 +0000"
    },
    "done": true
  },
  "minecraft:recipes/woodcutting/mahogany/polished_mahogany_fence_from_mahogany_planks_woodcutting": {
    "criteria": {
      "give_recipe": "2024-07-09 21:12:30 +0000"
    },
    "done": true
  },
  "minecraft:recipes/woodcutting/mahogany/mahogany_fence_gate_from_mahogany_planks_woodcutting": {
    "criteria": {
      "give_recipe": "2024-07-09 21:12:30 +0000"
    },
    "done": true
  },
  "minecraft:recipes/woodcutting/mahogany/mahogany_fence_from_mahogany_planks_woodcutting": {
    "criteria": {
      "give_recipe": "2024-07-09 21:12:30 +0000"
    },
    "done": true
  },
  "minecraft:recipes/woodcutting/mahogany/polished_mahogany_slab_from_mahogany_planks_woodcutting": {
    "criteria": {
      "give_recipe": "2024-07-09 21:12:30 +0000"
    },
    "done": true
  },
  "minecraft:recipes/woodcutting/mahogany/polished_mahogany_connected_from_mahogany_planks_woodcutting": {
    "criteria": {
      "give_recipe": "2024-07-09 21:12:30 +0000"
    },
    "done": true
  },
  "minecraft:recipes/woodcutting/mahogany/mahogany_connected_from_mahogany_planks_woodcutting": {
    "criteria": {
      "give_recipe": "2024-07-09 21:12:30 +0000"
    },
    "done": true
  },
  "minecraft:recipes/woodcutting/mahogany/mahogany_button_from_mahogany_planks_woodcutting": {
    "criteria": {
      "give_recipe": "2024-07-09 21:12:30 +0000"
    },
    "done": true
  },
  "minecraft:recipes/woodcutting/mahogany/polished_mahogany_pillar_from_mahogany_planks_woodcutting": {
    "criteria": {
      "give_recipe": "2024-07-09 21:12:30 +0000"
    },
    "done": true
  },
  "minecraft:recipes/woodcutting/mahogany/polished_mahogany_door_from_mahogany_planks_woodcutting": {
    "criteria": {
      "give_recipe": "2024-07-09 21:12:30 +0000"
    },
    "done": true
  },
  "minecraft:recipes/woodcutting/mahogany/mahogany_door_from_mahogany_planks_woodcutting": {
    "criteria": {
      "give_recipe": "2024-07-09 21:12:30 +0000"
    },
    "done": true
  },
  "minecraft:recipes/woodcutting/mahogany/mahogany_pressure_plate_from_mahogany_planks_woodcutting": {
    "criteria": {
      "give_recipe": "2024-07-09 21:12:30 +0000"
    },
    "done": true
  },
  "minecraft:recipes/woodcutting/mahogany/mahogany_chest_from_mahogany_planks_woodcutting": {
    "criteria": {
      "give_recipe": "2024-07-09 21:12:30 +0000"
    },
    "done": true
  },
  "minecraft:recipes/woodcutting/mahogany/mahogany_stairs_from_mahogany_planks_woodcutting": {
    "criteria": {
      "give_recipe": "2024-07-09 21:12:30 +0000"
    },
    "done": true
  },
  "minecraft:recipes/woodcutting/mahogany/polished_mahogany_pressure_plate_from_mahogany_planks_woodcutting": {
    "criteria": {
      "give_recipe": "2024-07-09 21:12:30 +0000"
    },
    "done": true
  },
  "iceandfire:iceandfire/rotten_egg": {
    "criteria": {
      "bestiary": "2024-07-09 21:13:12 +0000"
    },
    "done": true
  },
  "iceandfire:iceandfire/bestiary": {
    "criteria": {
      "bestiary": "2024-07-09 21:13:25 +0000"
    },
    "done": true
  },
  "iceandfire:iceandfire/lectern": {
    "criteria": {
      "bestiary": "2024-07-09 21:13:33 +0000"
    },
    "done": true
  },
  "thaumia:oldest_wood": {
    "criteria": {
      "oldest_wood_0": "2024-07-09 21:22:21 +0000"
    },
    "done": true
  },
  "goblins_tyranny:goblins_encounter_success": {
    "criteria": {
      "goblins_encounter_success_0": "2024-07-09 21:23:06 +0000"
    },
    "done": true
  },
  "iceandfire:iceandfire/kill_ghost": {
    "criteria": {
      "killed_fire_dragon": "2024-07-09 21:25:14 +0000"
    },
    "done": true
  },
  "thaumia:arcana_workbench": {
    "criteria": {
      "arcana_workbench_0": "2024-07-09 21:28:14 +0000"
    },
    "done": true
  },
  "thaumia:wow_its_dark": {
    "criteria": {
      "wow_its_dark_0": "2024-07-09 22:14:49 +0000"
    },
    "done": true
  },
  "undead_revamp2:parry": {
    "criteria": {
      "parry": "2024-07-09 22:06:16 +0000"
    },
    "done": true
  },
  "thaumia:researching_searchings": {
    "criteria": {
      "researching_searchings_0": "2024-07-09 22:02:31 +0000"
    },
    "done": true
  },
  "thaumia:the_first_metal": {
    "criteria": {
      "the_first_metal_0": "2024-07-09 22:01:38 +0000"
    },
    "done": true
  },
  "thaumia:iron_plus_magic": {
    "criteria": {
      "iron_plus_magic_0": "2024-07-09 22:01:14 +0000"
    },
    "done": true
  },
  "thaumia:its_yellow_but_still_silver": {
    "criteria": {
      "its_yellow_but_still_silver_0": "2024-07-09 22:13:47 +0000"
    },
    "done": true
  },
  "DataVersion": 3465
}