{
  "terramity:terramity_parent_advancement": {
    "criteria": {
      "terramity_parent_advancement_0": "2024-09-13 17:58:15 +0000"
    },
    "done": true
  },
  "takesapillage:root": {
    "criteria": {
      "always": "2024-09-13 17:58:15 +0000"
    },
    "done": true
  },
  "mca:recipes/building_blocks/headstones": {
    "criteria": {
      "has_the_cross_recipe": "2024-09-13 17:58:15 +0000"
    },
    "done": true
  },
  "mowziesmobs:root": {
    "criteria": {
      "custom_test_name": "2024-09-13 17:58:15 +0000"
    },
    "done": true
  },
  "dungeons_arise:wda_root": {
    "criteria": {
      "WDA": "2024-09-13 17:58:15 +0000"
    },
    "done": true
  },
  "grimoireofgaia:main/root": {
    "criteria": {
      "join": "2024-09-13 17:58:15 +0000"
    },
    "done": true
  },
  "realmrpg_quests:root": {
    "criteria": {
      "root_0": "2024-09-13 17:58:15 +0000"
    },
    "done": true
  },
  "seadwellers:adv_root": {
    "criteria": {
      "adv_root": "2024-09-13 17:58:15 +0000"
    },
    "done": true
  },
  "choups_drakvyrn_mod:choups_drakvyrn_mod_advancement": {
    "criteria": {
      "choups_drakvyrn_mod_advancement_0": "2024-09-13 17:58:15 +0000"
    },
    "done": true
  },
  "cataclysm:root": {
    "criteria": {
      "custom_test_name": "2024-09-13 17:58:15 +0000"
    },
    "done": true
  },
  "minecraft:adventure/adventuring_time": {
    "criteria": {
      "minecraft:old_growth_pine_taiga": "2024-09-18 01:34:32 +0000",
      "minecraft:taiga": "2024-09-13 17:58:17 +0000",
      "minecraft:frozen_river": "2024-09-17 03:57:29 +0000",
      "minecraft:beach": "2024-09-17 03:19:47 +0000",
      "minecraft:river": "2024-09-17 03:24:41 +0000",
      "minecraft:stony_shore": "2024-09-17 03:58:06 +0000",
      "minecraft:snowy_plains": "2024-09-18 01:23:42 +0000",
      "minecraft:cold_ocean": "2024-09-13 18:42:34 +0000",
      "minecraft:forest": "2024-09-17 03:19:46 +0000",
      "minecraft:frozen_ocean": "2024-09-17 04:00:50 +0000",
      "minecraft:snowy_beach": "2024-09-17 04:07:28 +0000",
      "minecraft:plains": "2024-09-18 01:25:37 +0000"
    },
    "done": false
  },
  "biomesoplenty:biomesoplenty/all_biomes": {
    "criteria": {
      "shrubland": "2024-09-13 18:01:08 +0000",
      "rocky_shrubland": "2024-09-13 18:21:40 +0000",
      "cold_desert": "2024-09-17 03:54:17 +0000",
      "field": "2024-09-17 03:40:24 +0000",
      "lavender_forest": "2024-09-13 18:29:59 +0000",
      "coniferous_forest": "2024-09-17 03:26:34 +0000",
      "spider_nest": "2024-09-13 18:34:31 +0000",
      "forested_field": "2024-09-18 01:34:22 +0000",
      "auroral_garden": "2024-09-17 04:11:00 +0000",
      "fir_clearing": "2024-09-17 03:42:06 +0000",
      "grassland": "2024-09-17 03:40:26 +0000",
      "snowy_coniferous_forest": "2024-09-17 04:10:26 +0000"
    },
    "done": false
  },
  "mca:root": {
    "criteria": {
      "village_plains": "2024-09-13 18:01:08 +0000"
    },
    "done": true
  },
  "biomesoplenty:biomesoplenty/root": {
    "criteria": {
      "shrubland": "2024-09-13 18:01:08 +0000"
    },
    "done": true
  },
  "minecraft:story/root": {
    "criteria": {
      "crafting_table": "2024-09-13 18:25:47 +0000"
    },
    "done": true
  },
  "dungeonnowloading:story/root": {
    "criteria": {
      "obtain_crafting_table": "2024-09-13 18:25:47 +0000"
    },
    "done": true
  },
  "1_splatus:spellbound/unlocked/thorn_blossom": {
    "criteria": {
      "blowgun": "2024-09-13 18:25:50 +0000"
    },
    "done": true
  },
  "minecraft:husbandry/balanced_diet": {
    "criteria": {
      "cooked_porkchop": "2024-09-18 01:18:15 +0000",
      "chicken": "2024-09-13 18:53:35 +0000",
      "cooked_mutton": "2024-09-17 04:11:40 +0000",
      "sweet_berries": "2024-09-17 03:35:55 +0000",
      "beef": "2024-09-17 03:18:07 +0000",
      "apple": "2024-09-17 03:45:41 +0000",
      "mutton": "2024-09-13 18:54:07 +0000",
      "bread": "2024-09-13 18:25:56 +0000",
      "rotten_flesh": "2024-09-16 00:34:34 +0000",
      "glow_berries": "2024-09-13 18:55:12 +0000"
    },
    "done": false
  },
  "minecraft:husbandry/root": {
    "criteria": {
      "consumed_item": "2024-09-13 18:25:56 +0000"
    },
    "done": true
  },
  "mca:recipes/misc/family_tree": {
    "criteria": {
      "has_item": "2024-09-13 18:27:36 +0000"
    },
    "done": true
  },
  "minecraft:adventure/sleep_in_bed": {
    "criteria": {
      "slept_in_bed": "2024-09-13 18:28:32 +0000"
    },
    "done": true
  },
  "mca:recipes/misc/books": {
    "criteria": {
      "has_item": "2024-09-13 18:30:14 +0000"
    },
    "done": true
  },
  "mca:recipes/misc/blueprint": {
    "criteria": {
      "has_item": "2024-09-13 18:30:14 +0000"
    },
    "done": true
  },
  "minecraft:story/mine_stone": {
    "criteria": {
      "get_stone": "2024-09-13 18:30:30 +0000"
    },
    "done": true
  },
  "minecraft:story/upgrade_tools": {
    "criteria": {
      "stone_pickaxe": "2024-09-13 18:31:02 +0000"
    },
    "done": true
  },
  "minecraft:end/levitate": {
    "criteria": {
      "levitated": "2024-09-13 18:38:18 +0000"
    },
    "done": true
  },
  "evilcraft:root": {
    "criteria": {
      "criteria_0": "2024-09-13 18:42:35 +0000"
    },
    "done": true
  },
  "minecraft:adventure/root": {
    "criteria": {
      "killed_by_something": "2024-09-13 18:44:15 +0000"
    },
    "done": true
  },
  "mca:recipes/misc/comb": {
    "criteria": {
      "has_item": "2024-09-13 18:47:09 +0000"
    },
    "done": true
  },
  "mca:recipes/misc/needle_and_thread": {
    "criteria": {
      "has_item": "2024-09-13 18:47:09 +0000"
    },
    "done": true
  },
  "mca:recipes/misc/whistle": {
    "criteria": {
      "has_item": "2024-09-13 18:47:09 +0000"
    },
    "done": true
  },
  "minecraft:story/smelt_iron": {
    "criteria": {
      "iron": "2024-09-13 18:47:09 +0000"
    },
    "done": true
  },
  "minecraft:story/iron_tools": {
    "criteria": {
      "iron_pickaxe": "2024-09-13 18:48:35 +0000"
    },
    "done": true
  },
  "1_splatus:spellbound/unlocked/windsweeper": {
    "criteria": {
      "blowgun": "2024-09-13 18:53:18 +0000"
    },
    "done": true
  },
  "1_splatus:spellbound/unlocked/blowgun": {
    "criteria": {
      "blowgun": "2024-09-13 18:55:07 +0000"
    },
    "done": true
  },
  "evilcraft:cannibal": {
    "criteria": {
      "criteria_0": "2024-09-14 01:59:42 +0000"
    },
    "done": true
  },
  "antlers:jerkeyadvance": {
    "criteria": {
      "jerkeyadvance": "2024-09-16 00:34:52 +0000"
    },
    "done": true
  },
  "minecraft:adventure/kill_all_mobs": {
    "criteria": {
      "minecraft:pillager": "2024-09-17 03:50:10 +0000",
      "minecraft:skeleton": "2024-09-17 03:38:29 +0000",
      "minecraft:spider": "2024-09-17 04:15:49 +0000",
      "minecraft:creeper": "2024-09-17 03:21:46 +0000",
      "minecraft:zombie": "2024-09-17 03:27:57 +0000"
    },
    "done": false
  },
  "minecraft:adventure/kill_a_mob": {
    "criteria": {
      "minecraft:creeper": "2024-09-17 03:21:46 +0000"
    },
    "done": true
  },
  "1_splatus:spellbound/weapon/a": {
    "criteria": {
      "dagger": "2024-09-17 03:27:58 +0000",
      "blowgun": "2024-09-18 01:38:43 +0000",
      "mega_hammer": "2024-09-17 03:43:07 +0000"
    },
    "done": false
  },
  "1_splatus:spellbound/weapon/dagger": {
    "criteria": {
      "dagger": "2024-09-17 03:27:58 +0000"
    },
    "done": true
  },
  "grimoireofgaia:main/oni": {
    "criteria": {
      "kill": "2024-09-17 03:36:12 +0000"
    },
    "done": true
  },
  "minecraft:story/obtain_armor": {
    "criteria": {
      "iron_chestplate": "2024-09-17 03:44:36 +0000"
    },
    "done": true
  },
  "evilcraft:evil_source": {
    "criteria": {
      "criteria_0": "2024-09-17 03:45:07 +0000"
    },
    "done": true
  },
  "minecraft:story/mine_diamond": {
    "criteria": {
      "diamond": "2024-09-17 03:45:11 +0000"
    },
    "done": true
  },
  "nova_structures:adventure/find_all_illager_structures": {
    "criteria": {
      "illager_camp": "2024-09-17 03:50:29 +0000"
    },
    "done": false
  },
  "supplementaries:adventure/way_sign": {
    "criteria": {
      "bastion": "2024-09-17 04:11:05 +0000"
    },
    "done": true
  },
  "grimoireofgaia:main/kobold": {
    "criteria": {
      "kill": "2024-09-18 01:19:10 +0000"
    },
    "done": true
  },
  "minecraft:nether/brew_potion": {
    "criteria": {
      "potion": "2024-09-18 01:22:51 +0000"
    },
    "done": true
  },
  "1_splatus:spellbound/unlocked/moonlight_edge": {
    "criteria": {
      "blowgun": "2024-09-18 01:27:43 +0000"
    },
    "done": true
  },
  "sasquatch:danger_in_the_woods": {
    "criteria": {
      "danger_in_the_woods": "2024-09-18 01:34:32 +0000"
    },
    "done": true
  },
  "1_splatus:spellbound/weapon/blowgun": {
    "criteria": {
      "blowgun": "2024-09-18 01:38:43 +0000"
    },
    "done": true
  },
  "minecraft:story/form_obsidian": {
    "criteria": {
      "obsidian": "2024-09-18 01:27:51 +0000"
    },
    "done": true
  },
  "mca:recipes/misc/potions": {
    "criteria": {
      "has_item": "2024-09-18 01:38:44 +0000"
    },
    "done": true
  },
  "DataVersion": 3465
}